Continent,Region,Country,Criminality,Criminal markets,Human trafficking,Human smuggling,Arms trafficking,Flora crimes,Fauna crimes,Non-renewable resource crimes,Heroin trade,Cocaine trade,Cannabis trade,Synthetic drug trade,Criminal actors,Mafia-style groups,Criminal networks,State-embedded actors,Foreign actors,Resilience,Political leadership and governance,Government transparency and accountability,International cooperation,National policies and laws,Judicial system and detention,Law enforcement,Territorial integrity,Anti-money laundering,Economic regulatory capacity,Victim and witness support,Prevention,Non-state actors,Code Value
Asia,Western Asia,Turkey,6.89,6.4,7.0,9.0,9.0,4.0,3.0,9.5,8.0,4.0,5.0,5.5,7.38,8.0,7.5,9.0,5.0,3.54,3.0,3.0,3.5,4.5,2.0,3.0,6.5,2.0,4.0,4.0,3.5,3.5,TUR
Africa,West Africa,Cabo Verde,4.04,3.7,4.5,2.0,2.5,2.5,4.0,1.0,4.0,7.0,5.0,4.5,4.38,2.5,4.0,4.0,7.0,6.33,6.5,6.0,8.5,7.0,7.0,6.0,7.5,5.0,6.0,3.5,6.0,7.0,CPV
Africa,Southern Africa,South Africa,6.63,6.0,4.5,4.0,8.0,3.5,7.5,7.5,7.5,5.5,3.5,8.5,7.25,7.0,7.0,7.5,7.5,5.79,6.0,5.5,6.5,6.5,6.0,5.0,6.0,6.0,6.0,4.0,5.0,7.0,ZAF
Latin America and the Caribbean,South America,Colombia,7.66,7.2,7.5,7.0,8.0,6.0,7.0,9.0,5.0,9.5,8.0,5.0,8.13,9.5,9.0,7.0,7.0,5.83,7.0,5.5,9.0,7.0,5.5,6.0,4.5,6.0,5.0,3.5,4.5,6.5,COL
Latin America and the Caribbean,South America,Peru,6.35,6.2,7.0,6.0,5.5,7.0,5.5,9.0,3.5,9.0,5.5,4.0,6.5,6.0,8.0,7.0,5.0,4.58,3.0,5.5,5.0,6.0,6.0,5.0,5.0,4.5,4.0,3.5,3.0,4.5,PER
Asia,Western Asia,Iraq,7.05,6.35,8.0,8.5,9.0,1.5,4.5,9.0,6.0,5.0,6.0,6.0,7.75,6.5,7.5,8.0,9.0,3.79,4.5,3.0,4.0,4.0,4.0,3.5,3.5,4.0,3.5,3.0,4.0,4.5,IRQ
Latin America and the Caribbean,South America,Suriname,4.9,4.55,4.0,4.0,5.5,5.0,3.5,9.0,1.5,8.5,2.5,2.0,5.25,2.5,5.0,8.0,5.5,2.25,3.0,2.0,3.0,2.0,2.0,2.0,2.0,1.0,1.5,2.0,2.5,4.0,SUR
Latin America and the Caribbean,South America,Venezuela,6.64,5.65,7.5,7.5,8.0,2.5,2.5,9.0,2.0,9.0,7.0,1.5,7.63,9.5,5.0,9.0,7.0,1.92,2.0,1.5,1.5,2.0,1.5,1.5,3.5,1.5,1.0,1.0,2.0,4.0,VEN
Africa,Southern Africa,Mauritius,4.51,4.4,4.5,3.5,2.0,2.0,3.0,4.0,8.0,3.5,5.5,8.0,4.63,2.0,6.0,6.0,4.5,5.67,6.0,6.0,6.5,6.0,5.5,5.5,5.5,3.5,7.0,5.5,5.0,6.0,MUS
Africa,Southern Africa,Botswana,3.71,3.8,4.5,3.0,3.0,2.0,7.5,3.5,3.5,3.5,4.0,3.5,3.63,1.0,5.5,3.0,5.0,5.63,6.0,5.0,8.0,6.0,6.5,5.0,5.0,4.5,5.5,5.5,4.5,6.0,BWA
Asia,Western Asia,Iran,7.1,6.95,7.5,8.0,8.0,4.5,4.0,8.5,9.0,5.5,6.0,8.5,7.25,7.0,7.5,9.5,5.0,3.5,3.0,2.5,4.5,4.0,3.5,3.5,5.5,2.5,3.0,4.0,3.0,3.0,IRN
Latin America and the Caribbean,South America,Guyana,5.1,4.7,5.5,4.0,5.0,4.5,3.5,8.5,2.5,8.0,3.0,2.5,5.5,3.0,5.0,8.0,6.0,4.29,5.0,3.0,5.0,3.0,4.0,2.5,5.0,4.0,5.0,5.0,5.0,5.0,GUY
Africa,West Africa,Senegal,4.81,5.0,5.0,5.0,4.5,7.5,7.0,3.5,2.5,6.5,6.0,2.5,4.63,2.5,5.5,4.5,6.0,5.58,5.5,4.0,6.0,6.5,5.0,6.0,6.5,5.0,5.5,5.0,5.0,7.0,SEN
Latin America and the Caribbean,South America,Brazil,6.5,6.5,5.0,4.0,8.0,8.5,8.5,8.0,2.0,9.0,8.0,4.0,6.5,7.5,6.5,8.5,3.5,5.04,3.0,4.5,7.5,4.5,3.0,5.0,5.5,6.0,6.0,5.0,4.0,6.5,BRA
Asia,South-Eastern Asia,Cambodia,5.83,6.15,7.5,6.5,5.0,8.0,8.0,8.0,4.0,2.5,4.5,7.5,5.5,2.5,4.0,8.5,7.0,3.92,4.5,3.5,5.0,4.5,4.0,4.5,4.5,4.0,4.0,3.0,3.0,2.5,KHM
Africa,West Africa,Nigeria,7.15,7.05,7.5,6.0,8.0,6.0,6.5,8.0,6.0,6.5,8.0,8.0,7.25,5.5,9.0,7.5,7.0,5.5,5.5,5.0,7.0,7.0,4.5,4.5,4.5,5.0,6.5,5.0,5.0,6.5,NGA
Asia,South-Eastern Asia,Philippines,6.84,6.3,7.0,5.0,7.5,7.0,7.5,8.0,4.0,3.5,4.5,9.0,7.38,8.0,6.0,8.0,7.5,4.13,3.0,3.0,5.0,5.0,4.5,2.0,4.0,5.0,6.0,5.0,4.0,3.0,PHL
Africa,Central Africa,Rwanda,3.68,4.1,5.0,2.5,5.0,3.0,5.0,8.0,3.0,2.5,4.0,3.0,3.25,1.0,3.0,5.0,4.0,5.5,5.5,5.5,5.0,6.0,5.0,7.0,6.0,6.0,6.0,5.5,5.0,3.5,RWA
Africa,West Africa,Ghana,6.01,6.15,6.5,5.0,5.0,6.5,6.0,7.5,6.0,6.5,5.5,7.0,5.88,3.0,6.5,7.5,6.5,5.38,5.5,5.5,6.5,5.0,5.0,4.5,6.0,6.0,6.0,3.5,4.0,7.0,GHA
Africa,East Africa,Ethiopia,4.79,4.95,6.0,6.5,7.0,3.5,5.5,5.5,3.0,4.0,5.5,3.0,4.63,2.0,6.5,4.0,6.0,5.38,5.0,5.0,6.0,6.0,5.0,4.0,6.0,7.0,6.0,4.5,5.0,5.0,ETH
Latin America and the Caribbean,South America,Bolivia,4.3,4.6,5.0,2.0,4.0,7.0,5.0,8.0,2.0,8.5,2.5,2.0,4.0,3.5,2.0,6.0,4.5,4.88,5.0,4.0,5.0,6.0,3.5,5.0,5.0,4.5,5.0,5.0,6.0,4.5,BOL
Africa,East Africa,Kenya,6.95,6.65,7.5,7.0,7.5,6.0,7.0,7.0,7.5,6.0,6.5,4.5,7.25,7.0,7.5,8.0,6.5,5.21,5.0,4.5,7.0,6.0,5.5,4.5,6.0,6.0,5.0,3.0,3.5,6.5,KEN
Asia,Southern Asia,Afghanistan,7.08,6.9,8.5,8.0,8.5,6.0,4.0,8.0,9.5,1.0,7.0,8.5,7.25,7.5,8.5,9.0,4.0,2.67,3.0,2.5,3.0,3.0,2.0,3.0,3.0,3.0,3.5,2.0,2.0,2.0,AFG
Asia,South-Eastern Asia,Indonesia,6.38,6.0,6.5,6.0,4.5,7.5,8.0,7.5,3.5,4.0,6.5,6.0,6.75,6.0,7.5,7.5,6.0,4.33,4.0,3.5,5.5,5.0,3.5,4.0,4.0,4.5,4.5,5.0,4.5,4.0,IDN
Africa,West Africa,Gambia,4.83,5.15,7.0,5.0,2.5,7.0,3.5,4.5,4.5,6.5,7.0,4.0,4.5,1.0,6.5,6.5,4.0,5.0,5.0,5.0,4.5,5.0,5.0,5.5,6.5,5.5,5.5,2.5,3.5,6.5,GMB
Africa,Southern Africa,Namibia,4.33,3.9,3.5,2.5,3.0,6.5,4.5,4.0,3.0,4.5,3.0,4.5,4.75,3.0,5.0,5.0,6.0,4.96,5.0,5.0,7.0,6.5,4.5,4.5,3.5,4.5,5.0,4.0,4.0,6.0,NAM
Latin America and the Caribbean,Central America,Mexico,7.56,8.0,7.5,8.5,8.0,7.5,7.0,7.5,8.0,9.0,8.0,9.0,7.13,9.0,9.0,7.0,3.5,4.46,3.0,4.0,7.0,6.0,4.0,5.0,3.0,4.0,5.0,3.5,4.0,5.0,MEX
Africa,Central Africa,Sao Tome and Principe,1.78,1.8,1.5,1.5,2.0,2.5,2.0,1.0,2.0,2.0,2.5,1.0,1.75,1.0,2.0,2.0,2.0,4.92,6.0,5.0,7.0,7.0,6.0,5.0,5.0,3.0,3.0,4.0,3.0,5.0,STP
Africa,North Africa,Tunisia,3.79,4.2,4.0,7.0,5.0,3.5,3.5,5.0,2.0,3.0,5.0,4.0,3.38,1.0,4.0,5.5,3.0,4.83,4.5,5.0,5.0,6.5,4.5,4.5,5.5,5.5,4.0,4.5,3.0,5.5,TUN
Africa,North Africa,Algeria,4.51,4.65,4.5,6.5,5.0,2.0,4.5,6.5,2.0,3.5,6.5,5.5,4.38,1.0,5.0,7.0,4.5,4.63,4.5,4.0,5.0,6.0,4.0,6.0,6.5,4.5,4.5,3.0,4.0,3.5,DZA
Africa,North Africa,Morocco,4.79,4.95,5.5,6.5,3.0,3.0,4.5,3.0,3.0,6.0,9.0,6.0,4.63,1.0,6.5,7.0,4.0,4.63,4.5,3.5,6.0,6.0,4.0,5.5,6.0,3.5,4.5,4.5,4.0,3.5,MAR
Africa,Southern Africa,Seychelles,3.68,3.6,4.0,3.5,3.5,4.0,4.0,1.0,7.5,3.0,3.0,2.5,3.75,2.0,4.5,4.5,4.0,4.58,5.0,5.0,6.0,5.5,6.0,4.0,4.5,3.0,3.0,4.0,5.0,4.0,SYC
Africa,East Africa,Djibouti,3.99,3.6,6.0,7.0,6.0,2.0,4.0,2.0,2.5,1.5,3.5,1.5,4.38,1.5,5.0,5.0,6.0,4.5,4.5,3.0,6.5,5.5,4.0,4.0,6.0,5.0,5.5,3.0,4.0,3.0,DJI
Asia,Southern Asia,India,5.53,6.3,7.0,6.0,5.5,5.5,8.0,7.0,6.5,3.5,7.5,6.5,4.75,3.5,6.0,6.0,3.5,5.25,4.0,5.5,7.5,4.5,5.0,5.5,6.5,6.0,5.0,3.5,5.0,5.0,IND
Africa,Central Africa,Angola,5.29,5.2,6.0,4.0,6.0,7.0,4.5,8.5,3.0,6.0,4.5,2.5,5.38,3.0,5.5,8.0,5.0,4.42,5.0,4.5,5.0,5.0,3.5,4.5,6.0,5.0,4.0,4.0,3.5,3.0,AGO
Asia,Western Asia,Saudi Arabia,6.01,6.9,8.5,7.5,8.0,5.0,7.0,7.0,6.5,5.5,6.5,7.5,5.13,3.0,6.5,8.0,3.0,4.29,3.0,3.5,5.0,4.5,3.0,4.5,5.0,5.5,5.0,4.5,5.0,3.0,SAU
Africa,West Africa,CÃ´te d'Ivoire,6.15,6.05,6.5,6.5,7.0,6.0,6.5,7.5,3.5,5.0,6.0,6.0,6.25,3.0,7.0,7.0,8.0,4.42,4.5,4.0,6.0,4.5,5.5,5.0,4.0,5.0,3.5,3.5,3.0,4.5,CIV
Europe,Western Europe,Switzerland,4.34,4.3,5.0,3.0,6.5,1.5,3.0,7.0,2.5,5.5,5.5,3.5,4.38,4.5,4.0,1.5,7.5,7.13,9.0,6.5,7.5,6.5,7.0,7.5,8.5,5.0,6.0,8.0,6.0,8.0,CHE
Asia,Western Asia,Yemen,6.13,5.0,8.5,7.5,9.0,2.5,4.0,7.0,2.5,2.0,3.0,4.0,7.25,8.0,7.0,6.0,8.0,2.0,2.0,2.0,3.0,2.0,1.5,2.0,2.0,2.0,2.5,1.0,2.0,2.0,YEM
Asia,Central Asia and the Caucasus,Tajikistan,5.61,5.1,6.5,6.0,4.0,2.5,3.5,7.0,8.5,2.0,6.0,5.0,6.13,5.5,5.0,9.0,5.0,2.67,3.0,2.0,3.0,2.0,3.0,3.0,2.5,3.5,3.0,2.0,3.0,2.0,TJK
Africa,Southern Africa,Zambia,4.93,4.6,5.0,3.0,4.0,8.0,4.5,5.5,4.0,3.0,5.0,4.0,5.25,3.0,5.0,6.0,7.0,4.33,4.0,3.0,5.0,6.5,5.0,4.0,3.5,5.0,5.0,3.0,3.0,5.0,ZMB
Asia,Western Asia,Syria,6.84,6.05,8.5,8.5,9.0,1.5,3.5,7.0,3.0,2.5,7.5,9.5,7.63,4.5,9.0,10.0,7.0,1.88,2.0,1.0,3.0,2.0,1.5,2.0,1.5,2.0,2.5,2.0,2.0,1.0,SYR
Asia,Central Asia and the Caucasus,Turkmenistan,4.61,4.35,8.5,5.0,2.0,2.0,3.0,7.0,6.5,1.5,4.0,4.0,4.88,3.0,3.5,8.5,4.5,2.17,2.0,1.5,1.5,2.5,2.0,2.0,2.0,3.5,2.0,2.0,2.0,3.0,TKM
Europe,Western Europe,Ireland,4.9,4.55,4.5,4.0,4.0,2.0,4.0,5.0,5.5,6.5,5.0,5.0,5.25,6.0,5.5,3.0,6.5,7.38,7.0,8.0,8.0,8.0,7.0,7.0,8.0,8.0,8.0,7.0,5.5,7.0,IRL
Asia,Eastern Asia,"Korea, DPR",4.78,5.3,8.0,6.5,9.0,1.0,3.0,7.0,3.5,2.0,6.0,7.0,4.25,1.0,2.0,10.0,4.0,1.96,3.5,1.0,2.0,2.0,1.5,1.5,6.0,1.0,1.5,1.0,1.0,1.5,PRK
Africa,Southern Africa,Malawi,3.83,4.15,4.5,3.5,4.5,4.0,6.0,4.0,4.5,2.5,6.0,2.0,3.5,2.0,3.0,4.0,5.0,4.29,5.0,4.5,4.5,5.5,4.0,4.0,3.0,6.0,4.0,2.0,3.5,5.5,MWI
Asia,South-Eastern Asia,Myanmar,7.59,7.05,6.5,7.5,8.0,7.0,8.0,6.5,9.5,3.5,4.5,9.5,8.13,9.0,7.5,8.5,7.5,3.42,3.0,3.0,5.0,4.5,3.5,4.0,3.0,3.0,3.0,2.0,3.0,4.0,MMR
Asia,Southern Asia,Nepal,6.16,5.7,7.0,6.5,6.0,7.0,7.0,6.5,4.5,3.5,5.0,4.0,6.63,4.5,6.5,8.5,7.0,3.71,2.5,2.0,4.5,3.5,3.0,4.5,4.0,3.0,4.5,4.5,3.5,5.0,NPL
Africa,East Africa,Tanzania,6.15,6.55,6.5,6.5,5.5,7.5,8.0,6.5,7.5,5.0,7.0,5.5,5.75,3.0,7.0,7.0,6.0,4.04,5.5,2.0,4.0,5.5,5.0,4.0,4.5,5.5,5.0,3.0,3.0,1.5,TZA
Latin America and the Caribbean,South America,Ecuador,6.25,6.0,6.0,5.5,7.5,6.0,6.0,6.5,6.0,7.0,4.0,5.5,6.5,6.5,5.5,6.5,7.5,5.71,5.0,5.5,6.0,6.5,5.5,6.0,4.5,7.0,5.5,5.0,5.0,7.0,ECU
Africa,North Africa,Egypt,5.16,4.95,5.5,5.5,7.0,1.0,5.0,4.0,5.5,2.0,7.0,7.0,5.38,3.0,5.5,8.0,5.0,4.04,3.5,3.0,4.5,4.5,3.5,5.0,6.0,6.0,4.5,3.0,2.5,2.5,EGY
Latin America and the Caribbean,Central America,Costa Rica,4.99,4.85,5.0,5.0,5.0,5.0,6.0,6.5,1.0,7.0,4.5,3.5,5.13,6.5,6.0,1.5,6.5,5.5,7.0,6.5,6.0,6.5,5.0,5.0,5.0,4.0,4.5,5.0,5.0,6.5,CRI
Africa,West Africa,Togo,5.33,4.9,6.0,3.5,4.0,5.0,6.0,6.0,3.0,5.0,6.5,4.0,5.75,1.0,7.0,7.5,7.5,4.0,3.0,3.0,5.5,4.5,3.5,4.0,4.0,3.0,4.5,4.5,4.0,4.5,TGO
Asia,Western Asia,Bahrain,4.83,5.65,7.5,5.5,5.5,4.0,6.0,6.5,5.0,4.0,6.0,6.5,4.0,1.0,6.0,4.0,5.0,5.54,6.0,5.0,7.0,5.5,5.0,5.0,6.5,5.5,6.0,5.5,5.5,4.0,BHR
Africa,East Africa,Uganda,6.14,5.65,7.0,5.0,6.5,6.0,6.5,7.0,5.0,3.5,6.0,4.0,6.63,5.0,7.0,7.5,7.0,3.96,5.0,2.0,5.0,5.0,4.0,4.0,5.5,3.0,3.5,2.0,4.0,4.5,UGA
Asia,Central Asia and the Caucasus,Uzbekistan,4.96,4.55,7.5,6.0,3.0,3.0,3.5,6.5,6.5,1.5,4.0,4.0,5.38,5.0,4.5,7.0,5.0,3.79,3.0,3.0,4.0,4.0,3.0,3.5,4.5,3.5,4.5,4.0,5.0,3.5,UZB
Asia,South-Eastern Asia,Vietnam,6.28,6.05,6.5,7.0,4.0,6.5,8.5,6.0,7.0,4.0,4.5,6.5,6.5,6.0,7.0,7.0,6.0,4.67,5.0,4.5,5.5,5.5,4.0,4.5,5.0,5.5,5.0,5.0,4.5,2.0,VNM
Asia,South-Eastern Asia,Thailand,5.76,6.4,6.5,7.0,5.5,6.5,8.0,6.0,7.5,4.0,5.0,8.0,5.13,1.5,5.0,6.5,7.5,4.67,5.0,4.5,6.0,5.5,4.0,5.0,4.0,4.5,4.5,4.5,5.0,3.5,THA
Latin America and the Caribbean,Central America,Panama,6.68,6.35,8.0,5.5,6.5,6.0,8.0,6.0,5.0,8.5,5.0,5.0,7.0,7.5,7.0,7.5,6.0,4.83,4.5,4.0,6.0,6.0,3.0,4.5,6.0,4.5,6.0,4.0,4.0,5.5,PAN
Asia,Western Asia,United Arab Emirates,5.75,6.75,8.5,6.5,6.5,5.5,7.5,6.0,7.0,6.0,6.5,7.5,4.75,1.0,6.0,6.0,6.0,5.33,5.5,5.0,5.5,5.5,5.5,6.0,5.5,4.0,5.5,6.5,6.5,3.0,ARE
Latin America and the Caribbean,Central America,Nicaragua,6.06,5.5,6.0,5.5,6.0,6.0,6.0,6.0,2.5,7.5,6.0,3.5,6.63,5.0,6.5,9.0,6.0,2.46,2.0,1.0,2.5,3.5,2.5,3.0,2.5,3.0,2.0,2.0,3.5,2.0,NIC
Asia,Western Asia,Kuwait,5.14,6.15,8.0,6.5,6.5,5.5,6.0,6.0,5.0,4.5,6.5,7.0,4.13,1.0,6.0,6.0,3.5,5.54,5.0,4.5,6.0,5.5,5.5,6.0,5.5,5.5,6.5,5.5,5.5,5.5,KWT
Africa,Southern Africa,Lesotho,3.9,3.55,4.0,3.0,3.0,1.0,2.5,5.5,3.5,5.5,4.5,3.0,4.25,1.0,5.0,6.0,5.0,3.67,4.0,3.5,6.0,5.5,3.0,3.0,2.5,5.0,3.0,2.5,2.0,4.0,LSO
Africa,West Africa,Burkina Faso,5.49,5.35,6.0,4.0,8.0,4.0,6.0,8.5,4.0,4.0,3.0,6.0,5.63,3.5,6.5,6.5,6.0,3.63,3.5,4.0,5.5,5.0,4.0,3.0,3.0,3.0,3.0,2.5,2.0,5.0,BFA
Latin America and the Caribbean,Caribbean,Haiti,5.73,5.45,6.5,6.5,5.5,6.5,4.0,6.0,2.0,8.0,6.0,3.5,6.0,8.0,6.0,7.0,3.0,2.67,2.0,2.0,3.0,4.0,3.0,2.0,2.0,3.0,2.0,1.5,3.0,4.5,HTI
Asia,Central Asia and the Caucasus,Azerbaijan,5.08,4.15,4.5,3.0,3.0,3.5,3.5,6.0,6.0,3.0,5.0,4.0,6.0,5.5,5.5,7.5,5.5,4.08,3.5,3.5,5.5,4.0,2.5,4.0,5.0,4.5,4.0,4.0,5.0,3.5,AZE
Asia,South-Eastern Asia,Malaysia,5.94,6.25,6.5,7.0,5.5,6.0,8.0,5.5,6.5,5.0,5.0,7.5,5.63,4.5,5.5,6.0,6.5,5.83,4.5,5.5,7.0,7.0,5.0,5.5,5.5,5.5,7.0,6.0,6.0,5.5,MYS
Africa,West Africa,Benin,5.25,5.25,6.0,4.0,5.5,6.0,5.5,5.0,4.5,6.0,4.0,6.0,5.25,1.0,6.0,6.0,8.0,3.54,4.0,4.5,4.0,3.0,3.0,4.0,3.5,3.0,4.0,3.0,2.0,4.5,BEN
Oceania,Melanesia,Papua New Guinea,5.44,5.0,7.0,4.0,5.5,8.0,5.0,5.5,1.0,4.0,5.5,4.5,5.88,1.0,8.0,8.0,6.5,3.42,3.0,2.0,4.5,5.0,4.5,3.0,3.0,4.5,3.0,3.0,2.5,3.0,PNG
Asia,Western Asia,Oman,4.14,4.9,6.0,4.0,5.0,5.0,5.0,5.5,5.0,3.0,4.5,6.0,3.38,1.0,5.0,4.0,3.5,5.25,4.5,4.5,6.5,6.5,5.5,7.5,5.5,5.0,4.5,4.0,4.0,5.0,OMN
Asia,Southern Asia,Pakistan,6.28,6.3,8.0,7.0,8.0,4.5,5.0,5.5,8.5,3.0,7.0,6.5,6.25,6.0,7.5,7.0,4.5,4.0,3.5,3.5,5.0,5.0,3.0,4.0,4.0,4.0,4.0,3.5,4.0,4.5,PAK
Africa,West Africa,Sierra Leone,5.4,5.05,5.0,4.0,3.5,6.5,6.5,6.5,2.0,4.5,7.0,5.0,5.75,3.5,5.5,7.0,7.0,3.46,3.5,3.5,4.0,2.5,2.0,4.0,4.0,3.5,3.0,2.5,4.0,5.0,SLE
Europe,Western Europe,France,5.66,5.7,6.0,6.5,6.0,4.0,5.5,4.5,6.0,6.5,6.5,5.5,5.63,6.0,6.5,3.0,7.0,6.83,6.0,7.0,8.5,7.5,6.5,7.0,5.0,8.0,8.0,5.0,6.5,7.0,FRA
Europe,Western Europe,Netherlands,4.69,5.0,5.5,4.5,5.0,3.0,4.0,4.0,4.0,7.0,5.5,7.5,4.38,4.5,6.0,2.5,4.5,7.42,7.5,8.0,8.0,7.5,7.5,7.5,6.0,6.5,6.5,8.0,8.0,8.0,NLD
Asia,Central Asia and the Caucasus,Kyrgyzstan,5.33,4.4,6.5,4.5,3.0,2.0,3.5,5.5,7.0,2.0,5.5,4.5,6.25,5.5,6.5,8.5,4.5,4.17,3.5,3.0,4.5,5.0,3.0,3.5,4.5,3.0,5.0,4.5,5.0,5.5,KGZ
Europe,Western Europe,Andorra,2.96,2.55,2.5,3.0,3.0,1.0,1.0,3.5,2.0,3.5,4.5,1.5,3.38,1.0,4.0,1.5,7.0,7.75,7.0,7.0,8.0,8.0,8.0,8.0,8.0,6.0,8.0,8.5,8.0,8.5,AND
Africa,Southern Africa,Madagascar,5.59,5.3,6.0,3.0,4.5,7.5,7.0,7.5,7.0,2.5,6.0,2.0,5.88,4.0,5.0,7.5,7.0,3.38,4.0,2.0,3.0,4.0,3.0,3.5,5.0,5.0,2.0,2.0,4.0,3.0,MDG
Asia,Western Asia,Israel,4.41,4.2,5.5,2.5,5.5,1.5,2.0,5.5,3.0,4.5,6.5,5.5,4.63,5.5,4.0,5.0,4.0,6.0,6.0,5.0,6.0,7.0,5.0,5.5,3.5,7.0,7.0,6.0,6.0,8.0,ISR
Europe,Western Europe,Belgium,4.34,5.05,5.0,5.5,5.5,2.5,3.5,3.0,4.0,7.5,6.5,7.5,3.63,3.0,4.5,2.0,5.0,7.0,7.0,7.0,8.0,7.0,6.0,7.0,6.0,7.0,7.0,7.5,6.5,8.0,BEL
Asia,Western Asia,Qatar,5.21,5.8,8.0,6.0,6.5,5.0,6.5,5.0,4.5,4.0,6.0,6.5,4.63,1.0,6.0,6.0,5.5,5.58,5.0,5.5,5.5,5.0,5.0,5.5,7.0,6.0,6.0,6.0,6.0,4.5,QAT
Latin America and the Caribbean,Central America,Honduras,6.98,5.7,6.5,6.5,6.0,7.0,6.0,5.0,2.0,7.5,7.5,3.0,8.25,8.5,8.0,8.5,8.0,3.92,2.5,3.5,5.5,4.0,3.0,4.5,4.5,4.0,3.5,3.0,4.5,4.5,HND
Africa,Southern Africa,Mozambique,6.53,6.05,4.0,5.0,5.5,8.0,8.0,8.0,7.5,3.5,4.0,7.0,7.0,3.5,8.0,9.0,7.5,3.29,3.0,3.5,5.0,5.5,2.0,2.0,3.5,3.0,4.0,3.0,2.0,3.0,MOZ
Europe,Western Europe,Germany,4.9,4.8,5.5,7.0,6.0,1.5,3.5,2.5,4.5,6.5,5.0,6.0,5.0,5.0,6.5,2.0,6.5,7.67,7.0,7.5,8.0,8.0,7.5,7.5,9.0,6.5,7.0,8.0,8.0,8.0,DEU
Europe,Western Europe,United Kingdom,4.89,4.4,6.0,5.0,3.5,2.5,4.0,2.0,4.5,6.5,4.5,5.5,5.38,4.0,6.5,3.0,8.0,7.88,8.0,7.5,8.0,8.5,8.5,7.5,8.5,6.5,7.5,7.5,7.5,9.0,GBR
Europe,Western Europe,Austria,4.04,3.95,4.5,5.0,6.5,2.0,2.5,2.0,4.5,3.5,4.5,4.5,4.13,2.0,4.0,4.0,6.5,7.42,7.0,6.5,7.0,8.0,8.0,8.5,8.0,6.0,7.0,8.0,8.0,7.0,AUT
Africa,Central Africa,"Congo, Rep.",5.03,4.8,6.5,4.5,5.0,8.0,7.0,3.5,2.5,5.0,4.0,2.0,5.25,3.0,6.0,8.0,4.0,3.25,3.0,1.5,5.0,5.0,2.0,4.5,3.0,3.0,3.0,2.0,4.0,3.0,COG
Asia,Western Asia,Lebanon,6.76,5.9,8.5,6.5,7.5,1.5,3.0,5.0,4.0,6.0,9.0,8.0,7.63,6.0,7.0,9.5,8.0,4.0,4.5,3.5,6.5,4.0,4.0,3.5,3.0,3.0,2.0,5.0,3.5,5.5,LBN
Europe,Western Europe,Liechtenstein,1.88,2.0,2.0,1.5,2.5,1.5,1.5,1.5,2.0,2.5,3.0,2.0,1.75,1.0,1.5,1.5,3.0,8.42,9.0,8.0,7.5,9.0,9.0,8.0,9.5,5.0,8.5,9.5,9.5,8.5,LIE
Asia,Eastern Asia,China,6.01,5.9,6.5,6.0,2.5,8.5,9.0,4.5,6.5,3.5,4.0,8.0,6.13,7.0,7.5,7.0,3.0,5.46,6.0,4.0,6.0,7.0,5.0,5.5,7.0,6.0,7.0,4.0,6.0,2.0,CHN
Asia,Southern Asia,Bhutan,3.69,3.75,5.0,3.0,2.0,7.0,5.5,4.5,2.0,1.5,4.0,3.0,3.63,4.0,3.5,3.0,4.0,4.58,6.0,6.0,4.5,4.5,5.5,5.0,3.5,4.0,5.0,3.5,4.0,3.5,BTN
Europe,Western Europe,Luxembourg,2.36,2.35,3.5,2.0,2.0,1.0,1.5,1.5,3.5,3.0,2.5,3.0,2.38,1.0,2.0,1.5,5.0,7.5,8.0,6.5,9.0,7.0,7.5,7.0,8.0,6.0,8.0,7.0,8.0,8.0,LUX
Northern America,North America,United States,5.5,5.5,5.5,4.5,6.5,2.5,5.5,4.5,6.5,7.0,5.0,7.5,5.5,5.0,6.5,5.0,5.5,6.58,4.5,5.5,7.0,6.5,6.0,8.0,6.5,6.5,8.0,7.0,6.0,7.5,USA
Asia,Central Asia and the Caucasus,Kazakhstan,4.26,4.15,5.5,4.0,2.0,2.0,5.0,4.5,6.5,2.5,4.5,5.0,4.38,3.5,4.0,6.0,4.0,4.71,5.0,4.0,5.5,5.5,5.0,4.5,5.0,5.0,5.0,4.5,4.0,3.5,KAZ
Latin America and the Caribbean,Caribbean ,Dominican Republic,5.15,5.3,6.0,6.0,4.0,4.5,4.0,4.5,6.5,8.0,5.0,4.5,5.0,5.0,5.5,5.5,4.0,4.67,5.0,3.0,7.0,5.0,4.0,4.5,5.5,4.0,5.0,4.0,4.0,5.0,DOM
Africa,Southern Africa,Eswatini,3.63,3.25,4.0,3.0,4.0,2.0,2.0,3.0,3.0,3.0,5.5,3.0,4.0,1.5,5.5,5.0,4.0,3.25,3.0,2.5,5.0,4.0,2.5,3.0,3.5,4.0,2.0,3.0,4.0,2.5,SWZ
Europe,Southern Europe,Italy,5.81,5.25,7.0,6.5,5.5,2.5,3.5,5.5,4.5,7.5,5.0,5.0,6.38,9.0,3.0,6.5,7.0,6.29,6.5,5.0,8.5,8.0,5.0,7.5,6.5,5.5,5.0,5.5,5.5,7.0,ITA
Africa,West Africa,Niger,6.01,5.9,7.0,7.0,8.0,2.0,4.5,7.5,3.0,6.0,7.0,7.0,6.13,4.0,7.0,8.5,5.0,3.21,3.5,2.5,5.5,4.0,2.5,4.0,4.0,3.0,3.0,2.0,2.0,2.5,NER
Europe,Southern Europe,Malta,4.65,4.05,5.0,4.0,2.5,1.0,5.0,5.0,3.0,5.0,4.5,5.5,5.25,1.5,7.0,7.5,5.0,5.17,4.5,4.5,7.5,6.0,4.5,4.0,4.5,4.5,6.5,7.5,4.0,4.0,MLT
Africa,Southern Africa,Zimbabwe,5.66,5.2,5.5,3.5,4.0,5.5,7.5,8.0,4.0,3.0,6.0,5.0,6.13,3.5,7.5,8.0,5.5,3.17,2.0,3.0,3.0,3.0,3.0,3.0,5.0,4.0,3.0,2.0,3.0,4.0,ZWE
Africa,West Africa,Liberia,5.05,5.1,6.0,3.0,4.5,5.5,6.0,6.5,5.0,5.5,6.0,3.0,5.0,3.0,6.0,6.0,5.0,3.17,3.5,3.0,3.0,3.0,3.5,4.0,4.0,3.0,4.0,1.0,2.0,4.0,LBR
Asia,Eastern Asia,Mongolia,4.01,3.9,4.5,3.0,3.5,5.5,4.5,4.0,2.0,2.0,4.0,6.0,4.13,2.0,4.5,4.5,5.5,5.08,5.0,5.0,6.0,6.5,4.0,5.0,5.0,4.0,3.5,4.0,6.5,6.5,MNG
Africa,Central Africa,Gabon,4.9,4.8,5.5,5.5,4.5,8.5,7.0,3.0,2.5,2.5,4.0,5.0,5.0,1.0,5.0,8.0,6.0,3.17,2.0,2.0,5.0,4.0,3.0,4.5,4.5,2.0,2.0,3.0,3.5,2.5,GAB
Europe,Southern Europe,Portugal,4.55,4.1,4.5,4.0,4.0,3.5,3.5,3.0,4.5,5.0,4.5,4.5,5.0,4.5,6.0,4.5,5.0,6.46,7.0,5.5,7.5,7.0,5.5,7.5,6.0,6.5,5.5,7.0,5.5,7.0,PRT
Europe,Southern Europe,Greece,4.93,4.1,5.5,7.5,3.5,2.0,2.5,3.0,6.0,3.5,5.0,2.5,5.75,3.0,6.5,7.5,6.0,5.25,5.5,5.0,6.5,6.0,4.5,5.0,5.5,5.5,5.5,4.0,5.0,5.0,GRC
Latin America and the Caribbean,Caribbean ,Cuba,3.44,4.0,6.0,6.0,1.5,4.0,3.0,4.0,2.5,4.0,5.0,4.0,2.88,4.0,2.5,4.0,1.0,5.38,6.5,2.5,6.5,6.0,3.0,7.0,8.0,5.5,5.5,4.0,7.0,3.0,CUB
Africa,Central Africa,Cameroon,6.31,6.25,6.5,5.5,6.5,7.0,7.5,7.5,4.5,3.5,7.0,7.0,6.38,4.0,7.5,8.0,6.0,3.13,2.0,1.5,5.0,4.5,2.5,4.0,2.0,3.5,2.5,2.5,2.5,5.0,CMR
Africa,North Africa,Mauritania,4.38,4.0,7.5,6.0,4.0,1.0,3.5,3.5,1.5,4.5,6.5,2.0,4.75,2.5,4.5,7.0,5.0,3.08,4.0,3.5,3.0,3.5,2.5,3.0,4.5,4.0,3.0,1.5,2.0,2.5,MRT
Africa,East Africa,Sudan,6.46,5.55,8.0,7.5,8.5,1.5,5.5,7.5,2.0,2.5,8.0,4.5,7.38,6.5,7.5,8.0,7.5,2.96,3.0,2.0,5.0,4.5,3.5,3.5,2.5,4.0,2.5,1.0,2.0,2.0,SDN
Africa,West Africa,Guinea,5.2,5.15,7.0,3.0,6.0,4.5,6.0,6.5,2.5,7.0,4.5,4.5,5.25,1.0,5.0,8.0,7.0,2.83,2.0,3.0,4.0,3.5,3.0,3.5,3.0,3.0,3.0,1.5,1.5,3.0,GIN
Latin America and the Caribbean,South America,Paraguay,6.7,5.9,7.0,6.0,8.5,6.0,6.5,3.5,1.0,7.0,9.0,4.5,7.5,6.0,7.5,8.0,8.5,3.38,2.0,3.0,5.0,3.0,3.0,3.0,5.0,2.5,4.0,2.0,3.0,5.0,PRY
Asia,Southern Asia,Bangladesh,4.98,4.95,8.0,6.0,5.0,4.0,5.0,3.5,4.5,3.0,4.0,6.5,5.0,5.5,5.5,7.0,2.0,4.13,3.5,4.0,5.5,5.0,3.0,4.0,5.0,4.5,3.5,3.5,4.0,4.0,BGD
Asia,Central Asia and the Caucasus,Armenia,3.26,3.4,3.5,2.0,2.5,4.0,4.5,3.5,4.0,2.0,4.0,4.0,3.13,3.0,3.0,3.5,3.0,5.71,6.0,6.0,6.5,6.0,4.5,6.0,5.5,6.0,5.5,5.5,5.0,6.0,ARM
Europe,Southern Europe,Spain,5.78,5.3,7.0,7.0,4.0,3.5,5.0,2.0,6.5,7.0,7.0,4.0,6.25,6.0,6.5,5.0,7.5,6.63,6.0,6.0,8.0,8.0,7.0,8.0,5.5,6.5,6.0,6.5,5.0,7.0,ESP
Asia,Southern Europe,Cyprus,4.19,3.5,5.5,6.0,2.5,2.5,3.0,2.0,2.0,4.5,4.0,3.0,4.88,3.5,5.0,4.0,7.0,4.42,5.0,5.0,6.5,6.0,4.0,5.5,3.0,3.0,3.5,4.0,3.5,4.0,CYP
Europe,Southern Europe,Monaco,2.43,1.6,1.5,1.0,1.5,1.0,1.0,1.5,2.0,2.0,2.5,2.0,3.25,1.0,3.0,3.5,5.5,5.38,3.5,4.0,5.0,6.0,8.0,7.0,6.0,4.5,4.0,8.0,4.5,4.0,MCO
Africa,Central Africa,Chad,5.86,5.35,7.0,7.0,8.0,1.5,3.5,7.0,2.0,4.5,6.0,7.0,6.38,5.5,6.5,8.5,5.0,2.46,3.5,2.5,5.0,2.5,2.0,2.5,3.5,2.0,2.0,1.0,1.0,2.0,TCD
Oceania,Micronesia,Nauru,1.76,1.65,1.5,2.5,1.0,1.0,3.0,3.5,1.0,1.0,1.0,1.0,1.88,1.0,1.0,3.5,2.0,4.67,5.0,4.5,6.0,6.5,6.0,5.5,7.5,6.0,4.0,2.0,1.0,2.0,NRU
Europe,Southern Europe,San Marino,3.01,1.9,2.0,1.5,3.0,1.0,1.0,1.5,2.0,3.5,2.5,1.0,4.13,2.0,4.0,4.5,6.0,5.13,4.0,4.0,5.5,5.5,6.5,5.0,6.0,4.0,5.5,5.5,4.5,5.5,SMR
Africa,West Africa,Guinea-Bissau,5.45,4.9,5.5,2.5,5.5,8.5,5.5,1.0,5.0,8.0,5.5,2.0,6.0,1.0,8.0,8.5,6.5,2.42,2.0,2.5,3.0,3.0,3.0,3.0,3.0,2.5,1.5,1.0,1.5,3.0,GNB
Asia,Eastern Asia,Japan,4.53,4.05,5.0,4.5,3.0,4.0,6.0,3.0,2.0,3.0,4.5,5.5,5.0,6.5,5.5,3.0,5.0,7.46,6.0,7.5,9.0,7.5,8.0,7.5,8.5,8.0,8.0,5.5,6.0,8.0,JPN
Europe,Northern Europe,Norway,3.81,4.0,5.0,3.5,3.5,2.5,4.0,3.5,5.0,4.5,4.0,4.5,3.63,4.5,4.0,2.0,4.0,7.92,8.0,8.5,9.0,8.5,8.0,8.5,8.0,7.0,7.5,7.5,7.0,7.5,NOR
Latin America and the Caribbean,Central America,Belize,4.64,4.4,5.0,5.0,4.5,5.5,4.5,3.0,3.5,4.5,5.5,3.0,4.88,6.5,3.5,4.5,5.0,3.13,5.0,2.5,3.0,3.0,4.0,4.5,2.0,2.0,1.5,3.0,3.0,4.0,BLZ
Africa,West Africa,Mali,5.89,6.15,7.0,6.0,8.0,5.0,5.5,7.5,3.0,6.0,7.0,6.5,5.63,3.0,7.0,8.5,4.0,2.38,2.0,3.0,4.0,2.5,2.5,2.0,1.5,2.5,2.0,1.5,2.0,3.0,MLI
Asia,Southern Asia,Sri Lanka,4.64,4.65,5.5,6.0,5.0,3.0,4.5,3.0,6.0,3.0,5.5,5.0,4.63,4.0,5.0,7.0,2.5,4.04,4.0,3.5,5.5,5.5,3.5,3.5,4.0,5.0,5.0,3.0,2.5,3.5,LKA
Europe,Northern Europe,Estonia,3.6,3.45,4.5,3.0,3.0,1.5,1.5,3.0,3.0,3.5,5.0,6.5,3.75,3.0,5.0,2.0,5.0,7.83,8.0,8.0,8.5,8.0,8.0,7.0,8.0,7.5,8.0,7.5,8.0,7.5,EST
Europe,Northern Europe,Sweden,4.56,4.25,4.5,5.5,6.0,2.0,3.5,2.0,4.0,4.5,5.0,5.5,4.88,5.5,5.5,2.5,6.0,7.46,7.0,9.0,8.5,7.0,7.0,6.5,8.0,7.5,7.5,6.0,7.0,8.5,SWE
Asia,Central Asia and the Caucasus,Georgia,2.96,3.05,3.5,2.0,2.0,3.5,3.5,3.0,3.5,2.0,3.5,4.0,2.88,2.5,3.0,3.0,3.0,5.71,5.0,6.5,7.0,6.5,3.5,6.5,5.0,5.0,5.0,7.0,5.5,6.0,GEO
Europe,Northern Europe,Denmark,3.86,3.85,4.0,4.5,4.0,1.5,2.0,2.0,5.0,5.5,5.0,5.0,3.88,5.0,4.0,2.0,4.5,8.21,9.0,9.0,8.5,9.0,7.5,8.0,8.5,5.5,8.5,7.5,8.5,9.0,DNK
Latin America and the Caribbean,South America,Argentina,4.38,3.75,4.0,3.0,3.0,3.0,3.5,3.0,2.0,6.5,6.5,3.0,5.0,4.0,6.0,5.0,5.0,6.33,7.0,5.0,6.0,7.0,6.0,6.5,6.0,7.0,6.0,6.0,5.5,8.0,ARG
Europe,Northern Europe,Latvia,3.51,3.65,4.5,3.5,3.5,1.0,2.0,2.0,4.5,5.0,5.5,5.0,3.38,3.5,3.5,2.0,4.5,7.42,7.5,6.0,8.5,8.0,7.5,7.5,8.5,5.5,8.0,7.5,7.5,7.0,LVA
Europe,Northern Europe,Lithuania,3.31,3.0,3.5,2.5,2.5,1.0,2.0,2.0,4.0,4.5,4.0,4.0,3.63,3.5,4.0,4.0,3.0,7.21,7.5,7.0,7.5,7.0,7.5,7.0,8.0,6.5,7.5,7.0,6.5,7.5,LTU
Northern America,North America,Canada,3.66,3.45,3.5,4.0,2.5,2.0,3.0,3.0,5.0,3.5,3.0,5.0,3.88,5.0,4.0,2.0,4.5,7.25,7.5,7.0,8.0,8.0,7.0,7.0,6.0,6.5,7.5,8.5,6.0,8.0,CAN
Europe,Northern Europe,Finland,2.71,2.8,3.0,2.5,2.5,1.0,1.5,2.0,3.5,4.0,3.5,4.5,2.63,3.0,3.0,1.5,3.0,8.42,9.0,8.5,9.0,8.0,8.0,8.0,9.0,8.5,9.0,8.0,8.0,8.0,FIN
Latin America and the Caribbean,Caribbean ,Grenada,3.05,2.85,2.0,1.0,3.0,1.0,2.5,3.0,1.0,6.5,7.0,1.5,3.25,4.0,2.0,3.0,4.0,4.67,5.0,5.0,5.0,5.0,5.0,6.0,6.0,4.0,5.0,3.0,4.0,3.0,GRD
Europe,Northern Europe,Iceland,3.39,2.65,4.0,3.0,1.5,1.0,1.5,1.0,1.5,4.5,4.0,4.5,4.13,4.5,5.0,2.0,5.0,8.04,7.0,7.5,8.5,8.5,8.5,8.5,8.5,8.0,8.5,7.0,7.5,8.5,ISL
Africa,Southern Africa,Comoros,3.86,3.85,5.0,5.5,3.5,3.0,5.5,1.0,4.0,2.0,3.0,6.0,3.88,1.0,4.5,6.0,4.0,2.38,2.0,2.0,3.0,2.5,2.0,2.0,3.0,4.0,3.0,1.5,1.5,2.0,COM
Europe,Central & Eastern Europe,Ukraine,6.18,5.6,7.0,6.5,8.0,6.5,4.0,7.0,5.0,3.5,5.0,3.5,6.75,6.0,7.0,8.0,6.0,4.0,3.5,4.0,5.5,4.0,4.5,3.5,2.0,4.0,4.5,3.5,4.0,5.0,UKR
Oceania,Melanesia,Solomon Islands,4.15,3.55,4.0,2.0,3.0,8.0,7.5,2.5,1.0,2.5,3.5,1.5,4.75,1.0,4.5,7.0,6.5,5.21,5.0,4.5,5.5,4.5,5.5,6.0,5.0,5.0,5.0,4.5,6.5,5.5,SLB
Latin America and the Caribbean,Central America,Guatemala,6.48,5.95,6.5,7.0,7.0,4.0,4.0,2.5,7.5,8.5,6.5,6.0,7.0,7.5,6.0,7.0,7.5,4.42,3.5,4.0,5.5,5.5,4.0,5.0,3.5,5.0,4.0,4.0,4.0,5.0,GTM
Europe,Central & Eastern Europe,Albania,5.63,5.25,5.0,6.5,4.5,4.5,3.5,5.5,6.0,7.0,7.0,3.0,6.0,7.0,7.5,7.0,2.5,5.04,5.5,4.5,6.5,6.0,5.0,5.5,5.5,4.0,4.0,4.5,5.0,4.5,ALB
Europe,Central & Eastern Europe,Poland,4.01,4.4,5.5,4.5,3.5,2.0,2.5,5.5,4.0,4.5,5.5,6.5,3.63,2.0,5.5,3.5,3.5,6.13,5.5,4.0,7.0,7.0,5.5,6.5,7.5,7.0,7.5,5.0,6.0,5.0,POL
Oceania,Melanesia,Kiribati,2.35,2.45,4.5,1.5,2.0,1.0,6.5,2.0,1.0,3.0,2.0,1.0,2.25,1.0,4.0,1.5,2.5,4.33,5.5,5.5,5.5,6.0,4.0,5.0,4.0,4.0,3.0,1.0,3.0,5.5,KIR
Europe,Central & Eastern Europe,Russia,6.24,6.1,6.5,6.0,4.5,7.5,7.5,5.0,7.0,4.5,5.0,7.5,6.38,4.5,7.5,8.5,5.0,4.04,4.0,3.0,4.5,5.5,4.0,4.5,5.5,4.0,4.0,2.5,3.5,3.5,RUS
Asia,South-Eastern Asia,Timor-Leste,3.96,3.55,4.0,5.0,4.0,3.0,5.0,2.0,2.5,2.5,3.5,4.0,4.38,5.0,4.0,4.5,4.0,3.67,3.0,3.0,3.5,4.5,4.0,4.5,3.0,4.0,3.0,3.5,3.5,4.5,TLS
Africa,East Africa,Eritrea,4.34,4.05,9.0,9.5,6.5,1.5,2.0,2.0,3.0,1.5,4.0,1.5,4.63,1.0,5.5,9.5,2.5,2.33,1.0,1.0,2.0,2.5,2.0,3.0,7.0,3.0,2.5,1.0,2.0,1.0,ERI
Asia,Eastern Asia,"Korea, Rep.",4.91,3.95,6.0,4.5,3.5,4.0,4.5,2.0,3.5,3.5,3.0,5.0,5.88,6.5,6.0,4.5,6.5,7.54,8.0,7.0,8.0,8.0,8.5,8.0,7.0,7.0,6.5,6.5,8.0,8.0,KOR
Latin America and the Caribbean,South America,Chile,4.6,4.45,4.0,4.5,5.5,4.0,4.5,2.0,2.0,7.0,6.5,4.5,4.75,4.0,5.5,4.5,5.0,6.42,7.0,7.0,8.0,6.0,6.0,4.0,4.0,6.5,7.0,7.0,6.5,8.0,CHL
Oceania,Melanesia,Fiji,3.9,3.8,5.0,3.5,2.0,3.0,4.5,2.0,2.0,4.5,5.0,6.5,4.0,1.0,6.5,3.0,5.5,5.25,6.0,5.5,5.0,5.5,4.5,5.0,4.5,6.0,6.0,4.0,5.0,6.0,FJI
Latin America and the Caribbean,Caribbean ,Bahamas,3.79,3.95,4.5,5.0,4.5,1.0,4.5,2.0,4.0,7.0,4.0,3.0,3.63,3.5,2.0,3.0,6.0,5.21,6.0,6.0,6.0,6.0,3.5,6.0,5.0,4.5,4.0,6.5,5.0,4.0,BHS
Asia,South-Eastern Asia,Brunei,2.76,3.15,4.5,4.0,2.5,3.0,4.0,2.0,2.5,1.5,3.5,4.0,2.38,1.0,2.5,2.0,4.0,4.58,4.0,4.0,4.5,4.5,4.0,5.0,5.5,5.5,6.5,3.5,4.5,3.5,BRN
Europe,Central & Eastern Europe,Bulgaria,5.43,5.1,6.0,5.0,3.5,5.5,5.0,5.0,6.0,4.0,5.0,6.0,5.75,4.5,6.5,7.5,4.5,5.29,4.5,5.0,6.5,6.0,5.5,5.5,6.5,6.0,4.5,4.5,5.0,4.0,BGR
Africa,Central Africa,"Congo, Dem. Rep.",7.75,6.5,7.0,5.5,9.0,8.5,8.0,9.0,4.0,4.5,7.0,2.5,9.0,9.0,9.0,9.0,9.0,2.29,1.0,1.0,4.0,3.0,2.5,1.5,2.0,2.0,1.5,2.0,2.0,5.0,COD
Oceania,Australia and New Zealand,Australia,4.0,3.75,3.5,3.0,3.5,3.0,3.5,2.0,3.5,5.0,3.5,7.0,4.25,5.0,6.0,2.0,4.0,7.96,8.0,8.5,9.0,8.0,8.0,8.0,9.0,7.0,7.0,7.5,7.5,8.0,AUS
Europe,Central & Eastern Europe,Belarus,5.08,4.4,7.0,5.5,6.5,3.0,2.0,5.0,4.0,2.0,4.0,5.0,5.75,4.0,5.0,9.0,5.0,3.79,3.5,2.0,3.0,4.0,3.0,5.0,4.5,4.5,5.0,3.0,5.0,3.0,BLR
Oceania,Polynesia,Tonga,3.78,3.3,3.5,1.0,5.0,1.0,3.5,2.0,1.5,4.0,5.0,6.5,4.25,1.0,4.5,5.0,6.5,5.21,5.0,5.5,6.5,6.0,4.0,5.0,5.5,5.0,5.0,5.0,4.0,6.0,TON
Europe,Central & Eastern Europe,Croatia,5.06,4.75,4.5,6.0,3.5,5.0,2.5,4.5,5.0,5.5,5.5,5.5,5.38,4.0,6.5,6.5,4.5,5.58,5.0,5.5,6.5,6.0,5.0,6.0,6.5,6.5,4.5,5.5,5.0,5.0,HRV
Europe,Central & Eastern Europe,Romania,4.59,5.05,6.5,5.5,3.5,6.0,5.0,4.0,5.5,5.5,4.5,4.5,4.13,4.0,5.0,3.5,4.0,5.58,5.5,5.5,6.5,6.0,6.0,5.5,6.5,5.5,5.0,5.0,5.0,5.0,ROU
Africa,Central Africa,Equatorial Guinea,4.11,3.85,4.5,2.0,5.0,8.5,5.0,6.0,1.5,1.5,3.5,1.0,4.38,1.0,2.5,9.0,5.0,2.17,1.5,1.0,2.0,5.5,2.0,2.0,3.5,2.0,1.5,1.5,1.5,2.0,GNQ
Europe,Central & Eastern Europe,Serbia,6.21,5.55,5.0,6.5,7.5,4.0,4.0,4.0,7.0,5.5,6.0,6.0,6.88,6.0,7.0,8.0,6.5,4.92,4.5,4.0,6.0,5.0,5.0,5.0,6.0,5.5,5.0,4.0,5.5,3.5,SRB
Oceania,Polynesia,Samoa,2.04,2.45,3.5,2.0,3.0,1.5,2.0,2.0,1.0,2.5,4.5,2.5,1.63,1.0,2.0,1.5,2.0,5.67,4.5,5.0,5.0,6.5,6.0,6.5,7.5,6.0,3.0,5.0,6.0,7.0,WSM
Latin America and the Caribbean,Caribbean ,St. Kitts and Nevis,4.1,3.2,3.0,2.5,5.0,1.5,2.0,2.0,1.0,7.0,7.0,1.0,5.0,1.0,6.5,6.5,6.0,5.0,6.0,5.0,6.0,6.5,7.0,4.5,6.0,5.5,2.0,2.5,4.0,5.0,KNA
Europe,Central & Eastern Europe,Hungary,4.5,4.75,6.0,6.0,3.5,3.5,4.5,3.5,4.5,5.0,5.5,5.5,4.25,1.0,4.0,7.0,5.0,5.08,4.5,3.5,5.0,5.5,5.0,6.0,7.0,5.5,4.5,4.5,6.0,4.0,HUN
Europe,Central & Eastern Europe,Montenegro,6.0,5.0,4.5,5.5,6.0,3.0,4.5,3.5,5.5,7.5,5.5,4.5,7.0,7.5,7.0,7.5,6.0,4.46,3.5,4.0,5.5,5.0,4.5,3.5,5.0,5.0,4.0,4.0,5.0,4.5,MNE
Latin America and the Caribbean,Caribbean ,Trinidad and Tobago,4.94,4.25,6.0,4.0,6.0,1.0,2.0,2.0,3.0,7.5,7.0,4.0,5.63,6.0,5.0,5.0,6.5,5.21,5.0,5.0,6.5,7.0,3.5,5.5,5.0,6.0,4.0,5.0,5.0,5.0,TTO
Europe,Central & Eastern Europe,Czech Republic,4.63,4.75,5.0,5.0,4.5,3.0,5.5,3.0,4.5,4.5,6.0,6.5,4.5,3.0,5.0,5.5,4.5,6.25,6.0,5.5,7.0,6.5,6.5,7.0,7.0,6.0,6.0,5.5,6.0,6.0,CZE
Latin America and the Caribbean,Caribbean ,Barbados,3.21,2.55,3.5,2.0,4.0,1.0,1.0,2.0,1.0,5.5,4.5,1.0,3.88,5.0,4.5,4.0,2.0,5.71,5.5,7.0,7.0,6.0,4.5,6.5,6.0,5.0,3.5,5.5,6.0,6.0,BRB
Asia,South-Eastern Asia,Laos,5.51,5.65,6.5,6.5,4.5,8.0,8.0,1.5,7.0,2.5,4.0,8.0,5.38,1.5,6.0,6.0,8.0,3.42,3.0,2.5,3.5,4.0,3.0,4.0,2.5,3.5,4.0,4.0,3.5,3.5,LAO
Oceania,Micronesia,Palau,2.94,3.0,4.0,3.0,1.5,1.0,6.5,1.5,1.5,3.0,3.0,5.0,2.88,1.0,4.0,2.0,4.5,4.54,6.5,5.5,6.0,5.5,3.0,5.0,4.0,4.5,4.0,2.0,4.0,4.5,PLW
Latin America and the Caribbean,Central America,El Salvador,5.94,5.0,7.0,6.5,7.0,5.0,5.5,1.5,1.5,7.0,7.0,2.0,6.88,9.5,6.5,7.0,4.5,3.71,2.5,3.0,5.5,5.0,2.0,3.0,5.0,4.0,2.0,4.0,4.5,4.0,SLV
Oceania,Melanesia,Vanuatu,2.2,2.4,2.5,1.5,1.5,3.0,5.5,1.5,1.5,2.0,3.0,2.0,2.0,1.0,1.0,2.5,3.5,5.33,5.0,6.0,6.0,6.5,7.0,6.5,5.0,4.0,3.5,5.0,3.5,6.0,VUT
Asia,South-Eastern Asia,Singapore,3.13,3.25,5.5,2.5,2.0,2.0,5.0,1.5,4.0,3.0,2.0,5.0,3.0,3.0,3.5,1.5,4.0,7.71,7.5,7.5,9.0,8.5,9.0,9.0,8.0,7.0,8.0,7.0,9.0,3.0,SGP
Asia,Western Asia,Jordan,4.71,4.55,6.5,5.5,6.5,3.5,3.5,1.5,3.5,3.0,6.0,6.0,4.88,1.5,7.0,6.5,4.5,5.92,7.0,5.0,8.0,6.5,4.5,7.0,6.0,6.5,4.0,4.5,6.5,5.5,JOR
Oceania,Australia and New Zealand,New Zealand,3.25,3.25,3.5,3.5,3.0,2.0,3.5,1.5,3.0,3.0,4.0,5.5,3.25,4.5,3.5,1.5,3.5,8.38,8.5,8.5,8.5,8.5,8.0,8.5,8.5,8.0,8.5,8.5,8.0,8.5,NZL
Latin America and the Caribbean,Caribbean ,Antigua and Barbuda,3.34,3.05,4.0,2.0,3.0,1.0,3.5,1.5,3.0,6.0,5.0,1.5,3.63,3.0,3.0,3.0,5.5,4.33,4.5,5.0,5.0,5.0,3.0,4.0,4.0,2.5,5.0,4.0,4.5,5.5,ATG
Europe,Central & Eastern Europe,Bosnia and Herzegovina,5.89,5.15,5.5,7.0,6.0,4.5,4.0,3.0,6.0,4.5,5.5,5.5,6.63,4.0,6.5,8.0,8.0,3.92,3.0,4.0,5.0,4.0,3.5,3.5,4.0,4.0,3.5,4.0,4.0,4.5,BIH
Europe,Central & Eastern Europe,North Macedonia,5.31,5.0,5.5,6.5,4.5,4.0,3.5,3.0,6.5,5.0,6.0,5.5,5.63,4.0,6.5,6.0,6.0,5.21,5.0,4.5,6.0,5.0,5.0,5.0,6.0,5.5,4.5,5.0,5.0,6.0,MKD
Europe,Central & Eastern Europe,Slovakia,4.69,4.25,5.5,3.5,4.5,3.5,3.0,3.0,4.5,4.5,5.0,5.5,5.13,3.0,6.0,6.5,5.0,5.38,5.5,5.0,7.0,6.5,5.0,5.5,6.0,5.0,4.5,4.5,5.0,5.0,SVK
Europe,Central & Eastern Europe,Moldova,4.45,3.9,7.5,4.0,5.0,2.5,2.0,3.0,3.0,2.5,4.5,5.0,5.0,4.0,4.0,7.0,5.0,3.71,3.5,3.5,4.5,5.0,3.0,3.5,2.0,3.5,4.0,5.0,3.0,4.0,MDA
Oceania,Micronesia,Marshall Islands,2.31,2.5,4.5,2.0,1.5,1.0,6.5,1.0,1.5,2.0,2.5,2.5,2.13,1.0,2.0,2.0,3.5,5.04,5.5,4.5,5.0,6.0,6.5,4.0,5.5,4.0,6.0,3.5,4.0,6.0,MHL
Oceania,Micronesia,Micronesia (Federated States of),3.3,2.85,5.0,3.0,1.5,1.0,6.5,1.0,1.0,3.0,3.5,3.0,3.75,1.0,5.5,3.0,5.5,5.33,6.5,5.0,5.5,5.5,5.5,6.0,6.0,4.0,4.0,4.5,5.5,6.0,FSM
Africa,Central Africa,Burundi,4.51,4.4,8.5,5.5,8.0,2.0,4.5,4.0,3.0,2.5,3.5,2.5,4.63,1.0,4.5,9.0,4.0,2.08,2.5,1.0,1.5,2.5,2.5,1.5,3.0,2.0,2.0,1.5,2.5,2.5,BDI
Africa,Central Africa,Central African Republic,7.04,5.7,7.5,4.5,8.5,6.5,8.0,9.0,1.5,1.5,3.0,7.0,8.38,9.0,8.0,8.5,8.0,1.92,1.5,1.5,3.0,2.5,2.0,1.5,1.5,2.0,1.5,3.0,1.0,2.0,CAF
Oceania,Polynesia,Tuvalu,1.54,1.7,1.5,1.0,1.0,1.0,5.0,1.0,1.0,1.5,2.5,1.5,1.38,1.0,1.0,1.5,2.0,6.04,5.5,5.5,5.0,6.5,8.0,7.0,6.5,6.0,6.0,4.5,5.0,7.0,TUV
Asia,Southern Asia,Maldives,4.06,3.5,6.0,5.5,2.0,1.0,5.0,1.0,6.0,3.5,3.0,2.0,4.63,5.0,5.0,4.0,4.5,3.88,5.0,5.0,5.0,5.0,3.0,4.0,3.0,3.5,3.0,2.0,3.0,5.0,MDV
Africa,East Africa,South Sudan,6.34,5.3,8.5,5.5,8.0,7.5,7.0,8.0,2.0,1.5,4.0,1.0,7.38,4.5,8.0,9.0,8.0,1.83,2.0,1.0,2.0,3.0,2.0,2.0,1.5,1.5,2.5,1.0,1.5,2.0,SSD
Africa,East Africa,Somalia,5.79,4.45,8.0,7.5,8.5,6.0,4.5,2.0,2.0,2.0,2.0,2.0,7.13,9.5,7.5,7.0,4.5,1.67,1.0,1.0,2.0,2.0,2.0,1.5,1.5,2.5,1.5,1.0,1.5,2.5,SOM
Latin America and the Caribbean,South America,Uruguay,2.69,2.75,3.0,2.0,2.5,1.0,3.5,1.0,2.0,5.0,4.0,3.5,2.63,1.5,4.5,2.0,2.5,7.75,8.0,9.0,9.0,7.0,7.0,8.0,7.0,7.0,8.0,7.5,7.0,8.5,URY
Africa,North Africa,Libya,6.55,6.1,9.5,8.0,9.5,1.0,3.5,8.5,2.5,4.0,7.5,7.0,7.0,8.0,7.5,8.5,4.0,1.54,1.5,1.5,2.5,2.0,1.5,1.5,1.5,1.0,2.0,1.0,1.0,1.5,LBY
Latin America and the Caribbean,Caribbean ,Jamaica,5.91,4.2,5.0,3.0,8.5,1.5,2.0,1.0,3.0,6.0,9.0,3.0,7.63,8.0,7.5,8.0,7.0,5.46,5.0,5.5,6.5,5.5,4.0,6.0,6.5,4.5,4.5,5.0,6.0,6.5,JAM
Latin America and the Caribbean,Caribbean ,St. Vincent and the Grenadines,3.3,2.85,2.5,1.0,4.0,1.0,2.0,1.0,1.0,7.5,7.5,1.0,3.75,2.0,5.0,2.0,6.0,5.46,6.0,6.0,6.0,6.5,6.0,4.5,6.0,5.5,4.0,3.0,6.0,6.0,VCT
Europe,Central & Eastern Europe,Slovenia,4.29,3.95,4.0,5.5,3.5,2.0,3.0,2.5,4.0,4.5,5.0,5.5,4.63,3.0,4.5,6.0,5.0,6.08,6.0,5.0,6.5,6.5,6.0,6.0,7.5,6.5,5.0,6.0,6.0,6.0,SVN
Latin America and the Caribbean,Caribbean ,St. Lucia,4.09,3.05,4.0,1.5,5.0,2.0,1.0,1.0,1.0,7.0,7.0,1.0,5.13,5.0,4.0,5.5,6.0,5.63,7.5,6.5,6.5,6.5,6.0,4.5,5.5,4.0,5.5,5.0,6.0,4.0,LCA
Latin America and the Caribbean,Caribbean ,Dominica,2.63,2.75,2.5,2.5,5.0,1.0,1.0,1.0,1.0,6.0,5.0,2.5,2.5,1.0,5.0,1.5,2.5,5.08,3.5,4.0,6.0,5.0,5.0,5.5,6.0,5.0,5.0,5.0,6.0,5.0,DMA
