Country,Year,GDP per capita,Country ISO,Continent
Afghanistan,1990,338.6319857954687,AFG,Asia
Afghanistan,1995,197.10806662487542,AFG,Asia
Afghanistan,2000,180.72315429683877,AFG,Asia
Afghanistan,2005,265.24637142780045,AFG,Asia
Afghanistan,2010,537.2382360218157,AFG,Asia
Afghanistan,2015,554.0040072260498,AFG,Asia
Afghanistan,2020,512.7499301864844,AFG,Asia
Albania,1990,651.2012838244974,ALB,Europe
Albania,1995,728.5321867731285,ALB,Europe
Albania,2000,1096.0286880634446,ALB,Europe
Albania,2005,2655.1437840817584,ALB,Europe
Albania,2010,4093.825900412989,ALB,Europe
Albania,2015,3950.390255039412,ALB,Europe
Albania,2020,5288.989573038817,ALB,Europe
Algeria,1990,2419.907394140262,DZA,Africa
Algeria,1995,1473.8203524065664,DZA,Africa
Algeria,2000,1776.3629601357227,DZA,Africa
Algeria,2005,3131.3282998788754,DZA,Africa
Algeria,2010,4495.921455483428,DZA,Africa
Algeria,2015,4197.417286292595,DZA,Africa
Algeria,2020,3354.1573025467633,DZA,Africa
Andorra,1990,24305.217276603602,AND,Europe
Andorra,1995,23701.627069630562,AND,Europe
Andorra,2000,21620.416387961235,AND,Europe
Andorra,2005,39583.98600052164,AND,Europe
Andorra,2010,48190.9087284289,AND,Europe
Andorra,2015,38869.87077665994,AND,Europe
Andorra,2020,37207.17563596214,AND,Europe
Angola,1990,1155.728995434284,AGO,Africa
Angola,1995,477.4373432450317,AGO,Africa
Angola,2000,744.6204957052756,AGO,Africa
Angola,2005,1900.722636795008,AGO,Africa
Angola,2010,3586.663901601696,AGO,Africa
Angola,2015,4130.930080226787,AGO,Africa
Angola,2020,1639.9510225205042,AGO,Africa
Anguilla,1990,9091.120775657811,AIA,Latin America and the Caribbean
Anguilla,1995,10804.757259081807,AIA,Latin America and the Caribbean
Anguilla,2000,13599.871827109086,AIA,Latin America and the Caribbean
Anguilla,2005,18881.46013510212,AIA,Latin America and the Caribbean
Anguilla,2010,20325.822001777058,AIA,Latin America and the Caribbean
Anguilla,2015,22756.2807675145,AIA,Latin America and the Caribbean
Anguilla,2020,16582.659014484485,AIA,Latin America and the Caribbean
Antigua and Barbuda,1990,7255.406303220855,ATG,Latin America and the Caribbean
Antigua and Barbuda,1995,8440.034525592582,ATG,Latin America and the Caribbean
Antigua and Barbuda,2000,10443.501925748278,ATG,Latin America and the Caribbean
Antigua and Barbuda,2005,12708.077996237356,ATG,Latin America and the Caribbean
Antigua and Barbuda,2010,13404.516016103624,ATG,Latin America and the Caribbean
Antigua and Barbuda,2015,14861.88270747037,ATG,Latin America and the Caribbean
Antigua and Barbuda,2020,15303.278111920086,ATG,Latin America and the Caribbean
Argentina,1990,4693.52696495265,ARG,Latin America and the Caribbean
Argentina,1995,8003.792850515918,ARG,Latin America and the Caribbean
Argentina,2000,8312.430527259381,ARG,Latin America and the Caribbean
Argentina,2005,5134.876717786833,ARG,Latin America and the Caribbean
Argentina,2010,10376.792178322257,ARG,Latin America and the Caribbean
Argentina,2015,14908.621296858575,ARG,Latin America and the Caribbean
Argentina,2020,8565.153125826326,ARG,Latin America and the Caribbean
Armenia,1990,647.1799307580154,ARM,Asia
Armenia,1995,412.9362183543999,ARM,Asia
Armenia,2000,643.3706818043771,ARM,Asia
Armenia,2005,1714.9819376258772,ARM,Asia
Armenia,2010,3351.7975907640157,ARM,Asia
Armenia,2015,3666.1418253608217,ARM,Asia
Armenia,2020,4505.867745526379,ARM,Asia
Aruba,1990,13023.500201658702,ABW,Latin America and the Caribbean
Aruba,1995,17961.48857123177,ABW,Latin America and the Caribbean
Aruba,2000,21026.16709090224,ABW,Latin America and the Caribbean
Aruba,2005,24978.215761317235,ABW,Latin America and the Caribbean
Aruba,2010,24452.594307044266,ABW,Latin America and the Caribbean
Aruba,2015,28419.24310053964,ABW,Latin America and the Caribbean
Aruba,2020,24008.127822025748,ABW,Latin America and the Caribbean
Australia,1990,19017.001336214256,AUS,Oceania
Australia,1995,21780.25455562123,AUS,Oceania
Australia,2000,21565.36570214372,AUS,Oceania
Australia,2005,37842.50732745457,AUS,Oceania
Australia,2010,59099.61139370469,AUS,Oceania
Australia,2015,52321.0035433425,AUS,Oceania
Australia,2020,56001.55306410771,AUS,Oceania
Austria,1990,21679.0846309519,AUT,Europe
Austria,1995,30331.630403007937,AUT,Europe
Austria,2000,24567.929177726503,AUT,Europe
Austria,2005,38405.88962163705,AUT,Europe
Austria,2010,46861.26507485564,AUT,Europe
Austria,2015,44179.46844912713,AUT,Europe
Austria,2020,48839.26898436463,AUT,Europe
Azerbaijan,1990,877.5097058434292,AZE,Asia
Azerbaijan,1995,390.50238880883813,AZE,Asia
Azerbaijan,2000,643.7607141250933,AZE,Asia
Azerbaijan,2005,1530.159338386188,AZE,Asia
Azerbaijan,2010,5727.491818270756,AZE,Asia
Azerbaijan,2015,5381.087076214852,AZE,Asia
Azerbaijan,2020,4151.016373340039,AZE,Asia
Bahamas,1990,17613.267697161584,BHS,Latin America and the Caribbean
Bahamas,1995,17240.993002931024,BHS,Latin America and the Caribbean
Bahamas,2000,24849.698782206306,BHS,Latin America and the Caribbean
Bahamas,2005,28280.870835298043,BHS,Latin America and the Caribbean
Bahamas,2010,27046.764825649927,BHS,Latin America and the Caribbean
Bahamas,2015,29821.354970880857,BHS,Latin America and the Caribbean
Bahamas,2020,23998.168238324506,BHS,Latin America and the Caribbean
Bahrain,1990,9487.745468024823,BHR,Asia
Bahrain,1995,11072.919126003455,BHR,Asia
Bahrain,2000,12738.785370401749,BHR,Asia
Bahrain,2005,17705.238935395744,BHR,Asia
Bahrain,2010,21186.81432922786,BHR,Asia
Bahrain,2015,22795.370757889865,BHR,Asia
Bahrain,2020,23433.491494360183,BHR,Asia
Bangladesh,1990,262.596250385645,BGD,Asia
Bangladesh,1995,321.4615561942973,BGD,Asia
Bangladesh,2000,351.94995840310486,BGD,Asia
Bangladesh,2005,408.9634395400549,BGD,Asia
Bangladesh,2010,829.4635600690186,BGD,Asia
Bangladesh,2015,1449.562923305814,BGD,Asia
Bangladesh,2020,2230.583105737233,BGD,Asia
Barbados,1990,7937.251572229862,BRB,Latin America and the Caribbean
Barbados,1995,8757.252515220947,BRB,Latin America and the Caribbean
Barbados,2000,11910.154925053937,BRB,Latin America and the Caribbean
Barbados,2005,14604.261154013144,BRB,Latin America and the Caribbean
Barbados,2010,16494.243040868405,BRB,Latin America and the Caribbean
Barbados,2015,17023.69436463214,BRB,Latin America and the Caribbean
Barbados,2020,16882.50152301625,BRB,Latin America and the Caribbean
Belarus,1990,1867.9662599061303,BLR,Europe
Belarus,1995,1369.1576256655542,BLR,Europe
Belarus,2000,1050.085790076628,BLR,Europe
Belarus,2005,3143.5803951165094,BLR,Europe
Belarus,2010,5881.14205068542,BLR,Europe
Belarus,2015,5819.714592434089,BLR,Europe
Belarus,2020,6370.493011513952,BLR,Europe
Belgium,1990,20616.33616746077,BEL,Europe
Belgium,1995,28531.31984998037,BEL,Europe
Belgium,2000,23012.125719240397,BEL,Europe
Belgium,2005,36660.850579048856,BEL,Europe
Belgium,2010,44213.4558564252,BEL,Europe
Belgium,2015,41086.1691175835,BEL,Europe
Belgium,2020,45517.82664697592,BEL,Europe
Belize,1990,2988.604820115122,BLZ,Latin America and the Caribbean
Belize,1995,4011.1400302619427,BLZ,Latin America and the Caribbean
Belize,2000,4720.16821751537,BLZ,Latin America and the Caribbean
Belize,2005,5236.365424877396,BLZ,Latin America and the Caribbean
Belize,2010,5399.062096018081,BLZ,Latin America and the Caribbean
Belize,2015,6098.600078917168,BLZ,Latin America and the Caribbean
Belize,2020,5185.158069588601,BLZ,Latin America and the Caribbean
Benin,1990,388.2302844981366,BEN,Africa
Benin,1995,387.79703246971945,BEN,Africa
Benin,2000,501.74861222464205,BEN,Africa
Benin,2005,805.5841622056652,BEN,Africa
Benin,2010,1008.5054607808021,BEN,Africa
Benin,2015,1040.8637839567348,BEN,Africa
Benin,2020,1240.7331042466308,BEN,Africa
Bermuda,1990,35408.941621715676,BMU,Northern America
Bermuda,1995,42996.15794164635,BMU,Northern America
Bermuda,2000,56707.87425657069,BMU,Northern America
Bermuda,2005,77322.3158722343,BMU,Northern America
Bermuda,2010,104589.34228568726,BMU,Northern America
Bermuda,2015,105404.47231724313,BMU,Northern America
Bermuda,2020,107559.61955927598,BMU,Northern America
Bhutan,1990,489.9345712103449,BTN,Asia
Bhutan,1995,548.0861478314272,BTN,Asia
Bhutan,2000,747.8496506416845,BTN,Asia
Bhutan,2005,1201.4336470713172,BTN,Asia
Bhutan,2010,2194.1125129450106,BTN,Asia
Bhutan,2015,2746.377296684402,BTN,Asia
Bhutan,2020,3181.3401294307814,BTN,Asia
Bolivia (Plurinational State of),1990,685.9427176755764,BOL,Latin America and the Caribbean
Bolivia (Plurinational State of),1995,856.3651138424012,BOL,Latin America and the Caribbean
Bolivia (Plurinational State of),2000,977.3294709249384,BOL,Latin America and the Caribbean
Bolivia (Plurinational State of),2005,1018.313661496479,BOL,Latin America and the Caribbean
Bolivia (Plurinational State of),2010,1922.0586623873933,BOL,Latin America and the Caribbean
Bolivia (Plurinational State of),2015,2975.64881136538,BOL,Latin America and the Caribbean
Bolivia (Plurinational State of),2020,3068.8125550796917,BOL,Latin America and the Caribbean
Bosnia and Herzegovina,1990,1725.461635268011,BIH,Europe
Bosnia and Herzegovina,1995,530.3160462362201,BIH,Europe
Bosnia and Herzegovina,2000,1332.210521485762,BIH,Europe
Bosnia and Herzegovina,2005,2741.080142216668,BIH,Europe
Bosnia and Herzegovina,2010,4506.933663792122,BIH,Europe
Bosnia and Herzegovina,2015,4654.609552247181,BIH,Europe
Bosnia and Herzegovina,2020,6095.1030052301185,BIH,Europe
Botswana,1990,2774.026284057745,BWA,Africa
Botswana,1995,3064.5863532027297,BWA,Africa
Botswana,2000,3351.6861149628903,BWA,Africa
Botswana,2005,5156.081083426958,BWA,Africa
Botswana,2010,6041.73570201238,BWA,Africa
Botswana,2015,5869.7295562140025,BWA,Africa
Botswana,2020,5863.185477700797,BWA,Africa
Brazil,1990,2712.711688653657,BRA,Latin America and the Caribbean
Brazil,1995,4780.810924416297,BRA,Latin America and the Caribbean
Brazil,2000,3726.8112000515093,BRA,Latin America and the Caribbean
Brazil,2005,4773.269572338817,BRA,Latin America and the Caribbean
Brazil,2010,11249.293741071773,BRA,Latin America and the Caribbean
Brazil,2015,8783.214413107182,BRA,Latin America and the Caribbean
Brazil,2020,6923.700197150645,BRA,Latin America and the Caribbean
British Virgin Islands,1990,7676.728565025293,VGB,Latin America and the Caribbean
British Virgin Islands,1995,25651.709233902908,VGB,Latin America and the Caribbean
British Virgin Islands,2000,42659.731098288896,VGB,Latin America and the Caribbean
British Virgin Islands,2005,42283.16499978721,VGB,Latin America and the Caribbean
British Virgin Islands,2010,40555.595877485845,VGB,Latin America and the Caribbean
British Virgin Islands,2015,43647.07484846421,VGB,Latin America and the Caribbean
British Virgin Islands,2020,46222.90520867033,VGB,Latin America and the Caribbean
Brunei Darussalam,1990,14892.26966418019,BRN,Asia
Brunei Darussalam,1995,17537.525408633763,BRN,Asia
Brunei Darussalam,2000,19913.720680731858,BRN,Asia
Brunei Darussalam,2005,28799.571627577647,BRN,Asia
Brunei Darussalam,2010,34609.297920329394,BRN,Asia
Brunei Darussalam,2015,30681.45016724454,BRN,Asia
Brunei Darussalam,2020,27179.344444796407,BRN,Asia
Bulgaria,1990,2363.885969428089,BGR,Europe
Bulgaria,1995,2240.2473575567647,BGR,Europe
Bulgaria,2000,1635.7749010019202,BGR,Europe
Bulgaria,2005,3821.853038104841,BGR,Europe
Bulgaria,2010,6676.401585653373,BGR,Europe
Bulgaria,2015,6945.4328771840665,BGR,Europe
Bulgaria,2020,10058.97964973668,BGR,Europe
Burkina Faso,1990,385.929247052586,BFA,Africa
Burkina Faso,1995,261.1477340752421,BFA,Africa
Burkina Faso,2000,249.1816556186167,BFA,Africa
Burkina Faso,2005,442.76826679218624,BFA,Africa
Burkina Faso,2010,626.6589787116195,BFA,Africa
Burkina Faso,2015,631.648324537149,BFA,Africa
Burkina Faso,2020,840.2501425190061,BFA,Africa
Burundi,1990,209.4024852553859,BDI,Africa
Burundi,1995,168.62750879393025,BDI,Africa
Burundi,2000,112.42098482104265,BDI,Africa
Burundi,2005,151.18804052928914,BDI,Africa
Burundi,2010,222.6608502289184,BDI,Africa
Burundi,2015,262.0017584876099,BDI,Africa
Burundi,2020,282.43105775771164,BDI,Africa
Cabo Verde,1990,960.9644953999382,CPV,Africa
Cabo Verde,1995,1356.2905450880962,CPV,Africa
Cabo Verde,2000,1338.228233766698,CPV,Africa
Cabo Verde,2005,2385.788753905617,CPV,Africa
Cabo Verde,2010,3501.8134987051535,CPV,Africa
Cabo Verde,2015,3167.7963100559873,CPV,Africa
Cabo Verde,2020,3223.7356017049124,CPV,Africa
Cambodia,1990,190.52363691505082,KHM,Asia
Cambodia,1995,303.06767850772366,KHM,Asia
Cambodia,2000,302.55678456212434,KHM,Asia
Cambodia,2005,475.06939431039416,KHM,Asia
Cambodia,2010,782.69573872445,KHM,Asia
Cambodia,2015,1170.742815770486,KHM,Asia
Cambodia,2020,1577.9117393170138,KHM,Asia
Cameroon,1990,1213.6375367013964,CMR,Africa
Cameroon,1995,822.363214590515,CMR,Africa
Cameroon,2000,698.4242799560174,CMR,Africa
Cameroon,2005,1128.9088209363424,CMR,Africa
Cameroon,2010,1382.4650249344145,CMR,Africa
Cameroon,2015,1398.61633285039,CMR,Africa
Cameroon,2020,1539.1305465001901,CMR,Africa
Canada,1990,21552.73408054607,CAN,Northern America
Canada,1995,20688.118755283296,CAN,Northern America
Canada,2000,24272.92606245715,CAN,Northern America
Canada,2005,36415.482488109,CAN,Northern America
Canada,2010,47617.91113651003,CAN,Northern America
Canada,2015,43549.85042359986,CAN,Northern America
Canada,2020,43485.212870238734,CAN,Northern America
Cayman Islands,1990,47097.80226910511,CYM,Latin America and the Caribbean
Cayman Islands,1995,52096.47332095821,CYM,Latin America and the Caribbean
Cayman Islands,2000,75700.07796799556,CYM,Latin America and the Caribbean
Cayman Islands,2005,85812.93856495648,CYM,Latin America and the Caribbean
Cayman Islands,2010,76872.17531427363,CYM,Latin America and the Caribbean
Cayman Islands,2015,77295.85317382494,CYM,Latin America and the Caribbean
Cayman Islands,2020,83897.50663784934,CYM,Latin America and the Caribbean
Central African Republic,1990,536.5904895364362,CAF,Africa
Central African Republic,1995,356.1566107923264,CAF,Africa
Central African Republic,2000,254.5328076481621,CAF,Africa
Central African Republic,2005,335.6762709877961,CAF,Africa
Central African Republic,2010,459.32866477535975,CAF,Africa
Central African Republic,2015,351.61358348136787,CAF,Africa
Central African Republic,2020,435.0849377921588,CAF,Africa
Chad,1990,314.6823199604075,TCD,Africa
Chad,1995,238.54129812134724,TCD,Africa
Chad,2000,190.7906317133146,TCD,Africa
Chad,2005,667.726534574634,TCD,Africa
Chad,2010,1023.6576376824759,TCD,Africa
Chad,2015,1018.4253768406379,TCD,Africa
Chad,2020,898.2136468632049,TCD,Africa
Chile,1990,2617.0000139546332,CHL,Latin America and the Caribbean
Chile,1995,5209.137573402155,CHL,Latin America and the Caribbean
Chile,2000,5104.493114561978,CHL,Latin America and the Caribbean
Chile,2005,7602.005448363624,CHL,Latin America and the Caribbean
Chile,2010,12852.049309832013,CHL,Latin America and the Caribbean
Chile,2015,13649.546321499805,CHL,Latin America and the Caribbean
Chile,2020,13165.386342986005,CHL,Latin America and the Caribbean
China (mainland),1990,341.99900967992374,CHN,Asia
China (mainland),1995,602.9539288966575,CHN,Asia
China (mainland),2000,958.2565030140767,CHN,Asia
China (mainland),2005,1751.8462829648756,CHN,Asia
China (mainland),2010,4515.077078168655,CHN,Asia
China (mainland),2015,7936.749007064388,CHN,Asia
China (mainland),2020,10307.696388141958,CHN,Asia
"China, Hong Kong SAR",1990,13175.954371875017,HKG,Asia
"China, Hong Kong SAR",1995,23167.129355526613,HKG,Asia
"China, Hong Kong SAR",2000,25503.48021992285,HKG,Asia
"China, Hong Kong SAR",2005,26174.513759400328,HKG,Asia
"China, Hong Kong SAR",2010,32056.17469607889,HKG,Asia
"China, Hong Kong SAR",2015,41809.783214355244,HKG,Asia
"China, Hong Kong SAR",2020,45986.24952043468,HKG,Asia
"China, Macao Special Administrative Region",1990,9269.649022376925,MAC,Asia
"China, Macao Special Administrative Region",1995,17764.54638360434,MAC,Asia
"China, Macao Special Administrative Region",2000,15684.779549676534,MAC,Asia
"China, Macao Special Administrative Region",2005,24886.581886576783,MAC,Asia
"China, Macao Special Administrative Region",2010,50676.38919285165,MAC,Asia
"China, Macao Special Administrative Region",2015,73220.6317344085,MAC,Asia
"China, Macao Special Administrative Region",2020,37474.7349854902,MAC,Asia
Colombia,1990,1734.8043927904625,COL,Latin America and the Caribbean
Colombia,1995,3046.410961835626,COL,Latin America and the Caribbean
Colombia,2000,2530.4106894197325,COL,Latin America and the Caribbean
Colombia,2005,3448.98036486387,COL,Latin America and the Caribbean
Colombia,2010,6394.198705462737,COL,Latin America and the Caribbean
Colombia,2015,6228.426299041305,COL,Latin America and the Caribbean
Colombia,2020,5302.023428015621,COL,Latin America and the Caribbean
Comoros,1990,1184.7360089472536,COM,Africa
Comoros,1995,998.8707845402215,COM,Africa
Comoros,2000,786.0943503609168,COM,Africa
Comoros,2005,1328.4304504782838,COM,Africa
Comoros,2010,1382.7145884639367,COM,Africa
Comoros,2015,1322.404177301015,COM,Africa
Comoros,2020,1518.1439427526384,COM,Africa
Congo,1990,1219.5175423378466,COG,Africa
Congo,1995,896.0082183082134,COG,Africa
Congo,2000,1156.3675346168618,COG,Africa
Congo,2005,1809.8688513718193,COG,Africa
Congo,2010,2959.8745985949686,COG,Africa
Congo,2015,2453.4831319895047,COG,Africa
Congo,2020,2011.2834404534372,COG,Africa
Cook Islands,1990,4238.9582881040815,COK,Oceania
Cook Islands,1995,6516.604171686043,COK,Oceania
Cook Islands,2000,6289.46974169494,COK,Oceania
Cook Islands,2005,13151.758954080726,COK,Oceania
Cook Islands,2010,13989.553411753019,COK,Oceania
Cook Islands,2015,17076.763457565077,COK,Oceania
Cook Islands,2020,16641.881322938403,COK,Oceania
Costa Rica,1990,2307.6748566073734,CRI,Latin America and the Caribbean
Costa Rica,1995,3238.923063201662,CRI,Latin America and the Caribbean
Costa Rica,2000,3773.0746021419423,CRI,Latin America and the Caribbean
Costa Rica,2005,4644.364919961204,CRI,Latin America and the Caribbean
Costa Rica,2010,8147.248621933183,CRI,Latin America and the Caribbean
Costa Rica,2015,11529.955173574028,CRI,Latin America and the Caribbean
Costa Rica,2020,12179.25667422402,CRI,Latin America and the Caribbean
Croatia,1990,3412.6394574546202,HRV,Europe
Croatia,1995,4710.476904540271,HRV,Europe
Croatia,2000,4794.590208276928,HRV,Europe
Croatia,2005,10347.277689601575,HRV,Europe
Croatia,2010,13917.726080552493,HRV,Europe
Croatia,2015,11835.29017062307,HRV,Europe
Croatia,2020,14061.170263022184,HRV,Europe
Cuba,1990,2695.5825379029934,CUB,Latin America and the Caribbean
Cuba,1995,2784.750709476531,CUB,Latin America and the Caribbean
Cuba,2000,2752.2397999386085,CUB,Latin America and the Caribbean
Cuba,2005,3791.852012170604,CUB,Latin America and the Caribbean
Cuba,2010,5697.575209135322,CUB,Latin America and the Caribbean
Cuba,2015,7690.166362474582,CUB,Latin America and the Caribbean
Cuba,2020,9499.590202304318,CUB,Latin America and the Caribbean
Curaçao,2005,15921.428070942282,CUW,Latin America and the Caribbean
Curaçao,2010,18501.672882559586,CUW,Latin America and the Caribbean
Curaçao,2015,18038.2327962862,CUW,Latin America and the Caribbean
Curaçao,2020,13388.738814596963,CUW,Latin America and the Caribbean
Cyprus,1990,10801.63327076261,CYP,Asia
Cyprus,1995,15101.546544755314,CYP,Asia
Cyprus,2000,14648.153933825526,CYP,Asia
Cyprus,2005,25682.001283650858,CYP,Asia
Cyprus,2010,31074.665241563147,CYP,Asia
Cyprus,2015,23476.83860904354,CYP,Asia
Cyprus,2020,28820.44657740705,CYP,Asia
Czechia,1990,3953.7360833418297,CZE,Europe
Czechia,1995,5832.758089682792,CZE,Europe
Czechia,2000,6040.5712020209985,CZE,Europe
Czechia,2005,13340.648679685703,CZE,Europe
Czechia,2010,19978.49551510287,CZE,Europe
Czechia,2015,17867.413500323848,CZE,Europe
Czechia,2020,23357.293366900692,CZE,Europe
Côte d'Ivoire,1990,998.5134399813326,CIV,Africa
Côte d'Ivoire,1995,776.5821902118307,CIV,Africa
Côte d'Ivoire,2000,635.8181863091353,CIV,Africa
Côte d'Ivoire,2005,900.6185507042892,CIV,Africa
Côte d'Ivoire,2010,1243.5592194082496,CIV,Africa
Côte d'Ivoire,2015,1940.0865976163648,CIV,Africa
Côte d'Ivoire,2020,2349.0698820003204,CIV,Africa
Democratic People's Republic of Korea,1990,734.8580070707972,PRK,Asia
Democratic People's Republic of Korea,1995,222.25105525678936,PRK,Asia
Democratic People's Republic of Korea,2000,461.95649421870775,PRK,Asia
Democratic People's Republic of Korea,2005,548.4068891946572,PRK,Asia
Democratic People's Republic of Korea,2010,572.9526012502631,PRK,Asia
Democratic People's Republic of Korea,2015,653.8496741475212,PRK,Asia
Democratic People's Republic of Korea,2020,621.3791454659184,PRK,Asia
Democratic Republic of the Congo,1990,417.7249814622724,COD,Africa
Democratic Republic of the Congo,1995,206.68629206166995,COD,Africa
Democratic Republic of the Congo,2000,171.53320883810295,COD,Africa
Democratic Republic of the Congo,2005,211.5739355041015,COD,Africa
Democratic Republic of the Congo,2010,324.82810963098905,COD,Africa
Democratic Republic of the Congo,2015,482.0642119059999,COD,Africa
Democratic Republic of the Congo,2020,487.9494757191167,COD,Africa
Denmark,1990,26872.370748022022,DNK,Europe
Denmark,1995,35339.25892020829,DNK,Europe
Denmark,2000,30737.39871360738,DNK,Europe
Denmark,2005,48648.20981631436,DNK,Europe
Denmark,2010,58008.29375857668,DNK,Europe
Denmark,2015,53308.19755532908,DNK,Europe
Denmark,2020,60896.774850812384,DNK,Europe
Djibouti,1990,791.641200966433,DJI,Africa
Djibouti,1995,809.428223298074,DJI,Africa
Djibouti,2000,736.3144924173228,DJI,Africa
Djibouti,2005,852.8901882824755,DJI,Africa
Djibouti,2010,1352.973299875682,DJI,Africa
Djibouti,2015,2430.273501358911,DJI,Africa
Djibouti,2020,3140.3379414789283,DJI,Africa
Dominica,1990,2899.0606011662126,DMA,Latin America and the Caribbean
Dominica,1995,3967.026809182269,DMA,Latin America and the Caribbean
Dominica,2000,4879.149772779246,DMA,Latin America and the Caribbean
Dominica,2005,5304.126096565738,DMA,Latin America and the Caribbean
Dominica,2010,7182.400202544191,DMA,Latin America and the Caribbean
Dominica,2015,7724.0424105737575,DMA,Latin America and the Caribbean
Dominica,2020,7036.805539479336,DMA,Latin America and the Caribbean
Dominican Republic,1990,1335.729146468498,DOM,Latin America and the Caribbean
Dominican Republic,1995,2001.0035787858053,DOM,Latin America and the Caribbean
Dominican Republic,2000,2805.354841218313,DOM,Latin America and the Caribbean
Dominican Republic,2005,3874.6645280808316,DOM,Latin America and the Caribbean
Dominican Republic,2010,5437.899128959989,DOM,Latin America and the Caribbean
Dominican Republic,2015,6837.995772857189,DOM,Latin America and the Caribbean
Dominican Republic,2020,7167.914931980666,DOM,Latin America and the Caribbean
Ecuador,1990,1457.627807974421,ECU,Latin America and the Caribbean
Ecuador,1995,2112.2070203792996,ECU,Latin America and the Caribbean
Ecuador,2000,1450.8051197373904,ECU,Latin America and the Caribbean
Ecuador,2005,3014.310009315896,ECU,Latin America and the Caribbean
Ecuador,2010,4640.246344378446,ECU,Latin America and the Caribbean
Ecuador,2015,6130.586675567683,ECU,Latin America and the Caribbean
Ecuador,2020,5645.199289653324,ECU,Latin America and the Caribbean
Egypt,1990,629.1227069285321,EGY,Africa
Egypt,1995,1024.7967134973999,EGY,Africa
Egypt,2000,1340.6446181039612,EGY,Africa
Egypt,2005,1194.5109264395305,EGY,Africa
Egypt,2010,2459.878926683649,EGY,Africa
Egypt,2015,3251.455263766567,EGY,Africa
Egypt,2020,3457.2110627594457,EGY,Africa
El Salvador,1990,897.5929820861201,SLV,Latin America and the Caribbean
El Salvador,1995,1552.1302097441023,SLV,Latin America and the Caribbean
El Salvador,2000,1977.840609235708,SLV,Latin America and the Caribbean
El Salvador,2005,2434.323766354628,SLV,Latin America and the Caribbean
El Salvador,2010,3017.3077931853177,SLV,Latin America and the Caribbean
El Salvador,2015,3761.51334940121,SLV,Latin America and the Caribbean
El Salvador,2020,3961.727432334228,SLV,Latin America and the Caribbean
Equatorial Guinea,1990,364.58747594771586,GNQ,Africa
Equatorial Guinea,1995,384.0066870443336,GNQ,Africa
Equatorial Guinea,2000,2205.649557838504,GNQ,Africa
Equatorial Guinea,2005,9852.458554762026,GNQ,Africa
Equatorial Guinea,2010,14890.980244268134,GNQ,Africa
Equatorial Guinea,2015,9781.577397556866,GNQ,Africa
Equatorial Guinea,2020,6327.598961960397,GNQ,Africa
Eritrea,1990,154.58659142022452,ERI,Africa
Eritrea,1995,296.5500596549996,ERI,Africa
Eritrea,2000,295.19692264540646,ERI,Africa
Eritrea,2005,387.8985400598767,ERI,Africa
Eritrea,2010,504.9724601766518,ERI,Africa
Eritrea,2015,602.7524345667282,ERI,Africa
Eritrea,2020,594.0037720677833,ERI,Africa
Estonia,1990,3602.9066952697713,EST,Europe
Estonia,1995,3080.9039206491675,EST,Europe
Estonia,2000,4073.9509878465956,EST,Europe
Estonia,2005,10411.563613093474,EST,Europe
Estonia,2010,14671.124191964616,EST,Europe
Estonia,2015,17404.964330507708,EST,Europe
Estonia,2020,23596.6280435775,EST,Europe
Ethiopia,1990,234.09026488641797,ETH,Africa
Ethiopia,1995,131.998852862523,ETH,Africa
Ethiopia,2000,119.79679146201111,ETH,Africa
Ethiopia,2005,157.01038384887678,ETH,Africa
Ethiopia,2010,294.84478388962356,ETH,Africa
Ethiopia,2015,615.570325464228,ETH,Africa
Ethiopia,2020,824.4872589406746,ETH,Africa
Fiji,1990,1713.213124148341,FJI,Oceania
Fiji,1995,2487.002881496701,FJI,Oceania
Fiji,2000,2015.83379501153,FJI,Oceania
Fiji,2005,3406.644156206115,FJI,Oceania
Fiji,2010,3469.5125561872733,FJI,Oceania
Fiji,2015,5105.148732330736,FJI,Oceania
Fiji,2020,4815.689316167452,FJI,Oceania
Finland,1990,28365.43549794351,FIN,Europe
Finland,1995,26270.075576336363,FIN,Europe
Finland,2000,24285.448174972265,FIN,Europe
Finland,2005,39039.503916709866,FIN,Europe
Finland,2010,46460.67492699307,FIN,Europe
Finland,2015,42785.24493527248,FIN,Europe
Finland,2020,49170.386261770924,FIN,Europe
Former Sudan,1990,489.3888818287576,SDN,Africa
Former Sudan,1995,449.3179204834977,SDN,Africa
Former Sudan,2000,403.91212304341303,SDN,Africa
Former Sudan,2005,945.68815919287,SDN,Africa
Former Yugoslavia,1990,3677.6506029011935,YUG,Europe
France,1990,21864.848753089933,FRA,Europe
France,1995,27029.100852815416,FRA,Europe
France,2000,22467.82510267489,FRA,Europe
France,2005,35117.06293050088,FRA,Europe
France,2010,40926.15477601213,FRA,Europe
France,2015,36930.54760972176,FRA,Europe
France,2020,39631.74105494912,FRA,Europe
French Polynesia,1990,16903.111775490153,PYF,Oceania
French Polynesia,1995,19099.92972268617,PYF,Oceania
French Polynesia,2000,14972.61926590862,PYF,Oceania
French Polynesia,2005,21038.822201653435,PYF,Oceania
French Polynesia,2010,21426.952444705817,PYF,Oceania
French Polynesia,2015,18245.175179118647,PYF,Oceania
French Polynesia,2020,19185.697736033213,PYF,Oceania
Gabon,1990,6143.763539598051,GAB,Africa
Gabon,1995,4919.21078004285,GAB,Africa
Gabon,2000,4459.602016692569,GAB,Africa
Gabon,2005,6568.349921468138,GAB,Africa
Gabon,2010,8391.437701959243,GAB,Africa
Gabon,2015,7085.121977611114,GAB,Africa
Gabon,2020,6680.115800162889,GAB,Africa
Gambia,1990,1130.1448205175413,GMB,Africa
Gambia,1995,1051.6196229488592,GMB,Africa
Gambia,2000,905.1203750506854,GMB,Africa
Gambia,2005,618.9598057140555,GMB,Africa
Gambia,2010,796.6318386246392,GMB,Africa
Gambia,2015,611.6716187346696,GMB,Africa
Gambia,2020,704.0303891860639,GMB,Africa
Georgia,1990,1646.5935916874994,GEO,Asia
Georgia,1995,583.0138741870402,GEO,Asia
Georgia,2000,754.2292085004609,GEO,Asia
Georgia,2005,1702.5637900408908,GEO,Asia
Georgia,2010,3190.9672570943076,GEO,Asia
Georgia,2015,3965.301663444926,GEO,Asia
Georgia,2020,4207.853146460483,GEO,Asia
Germany,1990,22321.311854088708,DEU,Europe
Germany,1995,31872.723724233114,DEU,Europe
Germany,2000,23827.148181270917,DEU,Europe
Germany,2005,35040.70942055688,DEU,Europe
Germany,2010,41762.68450073314,DEU,Europe
Germany,2015,40893.18609359589,DEU,Europe
Germany,2020,46655.15872956969,DEU,Europe
Ghana,1990,855.4103763825532,GHA,Africa
Ghana,1995,786.4000198970215,GHA,Africa
Ghana,2000,537.478674414571,GHA,Africa
Ghana,2005,1011.9075025627392,GHA,Africa
Ghana,2010,1665.2155123700604,GHA,Africa
Ghana,2015,1733.0199061215112,GHA,Africa
Ghana,2020,2176.576218012764,GHA,Africa
Greece,1990,9502.087970216004,GRC,Europe
Greece,1995,12759.795884168041,GRC,Europe
Greece,2000,11933.131726703647,GRC,Europe
Greece,2005,22295.226402977703,GRC,Europe
Greece,2010,26902.409436060814,GRC,Europe
Greece,2015,18100.431128774137,GRC,Europe
Greece,2020,17929.62115805713,GRC,Europe
Greenland,1990,20027.16643283946,GRL,Northern America
Greenland,1995,23680.494328161512,GRL,Northern America
Greenland,2000,20772.595809034858,GRL,Northern America
Greenland,2005,32517.141848997268,GRL,Northern America
Greenland,2010,44420.989645135924,GRL,Northern America
Greenland,2015,44710.85223155106,GRL,Northern America
Greenland,2020,55025.96218030664,GRL,Northern America
Grenada,1990,2383.7681960939603,GRD,Latin America and the Caribbean
Grenada,1995,2673.8099565065736,GRD,Latin America and the Caribbean
Grenada,2000,4840.6847535598745,GRD,Latin America and the Caribbean
Grenada,2005,6306.985418854375,GRD,Latin America and the Caribbean
Grenada,2010,6760.96110719757,GRD,Latin America and the Caribbean
Grenada,2015,8379.633119167242,GRD,Latin America and the Caribbean
Grenada,2020,8437.536782312503,GRD,Latin America and the Caribbean
Guatemala,1990,738.7887096054275,GTM,Latin America and the Caribbean
Guatemala,1995,1240.771581930419,GTM,Latin America and the Caribbean
Guatemala,2000,1441.963770736129,GTM,Latin America and the Caribbean
Guatemala,2005,2039.1197245333296,GTM,Latin America and the Caribbean
Guatemala,2010,2797.3449603638956,GTM,Latin America and the Caribbean
Guatemala,2015,3886.360159655831,GTM,Latin America and the Caribbean
Guatemala,2020,4475.980262299233,GTM,Latin America and the Caribbean
Guinea,1990,614.6870921525816,GIN,Africa
Guinea,1995,704.3264522280593,GIN,Africa
Guinea,2000,512.1092886019608,GIN,Africa
Guinea,2005,444.53679590816853,GIN,Africa
Guinea,2010,667.2816033998829,GIN,Africa
Guinea,2015,756.4255916578584,GIN,Africa
Guinea,2020,1066.9087849492603,GIN,Africa
Guinea-Bissau,1990,625.745840536307,GNB,Africa
Guinea-Bissau,1995,715.8802529748772,GNB,Africa
Guinea-Bissau,2000,294.6589100085117,GNB,Africa
Guinea-Bissau,2005,425.302673641349,GNB,Africa
Guinea-Bissau,2010,541.7555228512848,GNB,Africa
Guinea-Bissau,2015,585.5137651274955,GNB,Africa
Guinea-Bissau,2020,692.7982097953384,GNB,Africa
Guyana,1990,845.7809465975103,GUY,Latin America and the Caribbean
Guyana,1995,1318.874923895521,GUY,Latin America and the Caribbean
Guyana,2000,1497.2645231021206,GUY,Latin America and the Caribbean
Guyana,2005,2603.959878587889,GUY,Latin America and the Caribbean
Guyana,2010,4589.872864564051,GUY,Latin America and the Caribbean
Guyana,2015,5668.42976474423,GUY,Latin America and the Caribbean
Guyana,2020,6863.074345930166,GUY,Latin America and the Caribbean
Haiti,1990,507.7867227429274,HTI,Latin America and the Caribbean
Haiti,1995,496.235918765162,HTI,Latin America and the Caribbean
Haiti,2000,760.9307443943754,HTI,Latin America and the Caribbean
Haiti,2005,765.9869423848675,HTI,Latin America and the Caribbean
Haiti,2010,1220.3691080676285,HTI,Latin America and the Caribbean
Haiti,2015,1344.6363629992359,HTI,Latin America and the Caribbean
Haiti,2020,1463.5226878221522,HTI,Latin America and the Caribbean
Honduras,1990,719.7942092867006,HND,Latin America and the Caribbean
Honduras,1995,812.7646564224772,HND,Latin America and the Caribbean
Honduras,2000,1079.710071278999,HND,Latin America and the Caribbean
Honduras,2005,1289.820329104111,HND,Latin America and the Caribbean
Honduras,2010,1874.2717037259868,HND,Latin America and the Caribbean
Honduras,2015,2257.224303154971,HND,Latin America and the Caribbean
Honduras,2020,2354.121480101052,HND,Latin America and the Caribbean
Hungary,1990,3584.4972650425752,HUN,Europe
Hungary,1995,4496.751048332924,HUN,Europe
Hungary,2000,4628.323555426213,HUN,Europe
Hungary,2005,11238.484869292179,HUN,Europe
Hungary,2010,13234.972071074973,HUN,Europe
Hungary,2015,12715.465154707805,HUN,Europe
Hungary,2020,16124.908192479965,HUN,Europe
Iceland,1990,25365.71416874784,ISL,Europe
Iceland,1995,26612.412120226476,ISL,Europe
Iceland,2000,32067.087154919638,ISL,Europe
Iceland,2005,56738.4733024618,ISL,Europe
Iceland,2010,43197.41251375061,ISL,Europe
Iceland,2015,52912.494771615886,ISL,Europe
Iceland,2020,58815.35622358035,ISL,Europe
India,1990,378.12466402312475,IND,Asia
India,1995,385.5550831869082,IND,Asia
India,2000,449.35155057899067,IND,Asia
India,2005,713.306741527121,IND,Asia
India,2010,1345.8015998909,IND,Asia
India,2015,1622.8081946628374,IND,Asia
India,2020,1916.4593444098227,IND,Asia
Indonesia,1990,731.7903224860047,IDN,Asia
Indonesia,1995,1188.4638362287965,IDN,Asia
Indonesia,2000,820.7606920118141,IDN,Asia
Indonesia,2005,1330.266647502487,IDN,Asia
Indonesia,2010,3094.443078550567,IDN,Asia
Indonesia,2015,3322.581679076556,IDN,Asia
Indonesia,2020,3895.6181520509476,IDN,Asia
"Iran, Islamic Republic of",1990,1727.1439487586244,IRN,Asia
"Iran, Islamic Republic of",1995,1881.1547320382647,IRN,Asia
"Iran, Islamic Republic of",2000,1702.890139298137,IRN,Asia
"Iran, Islamic Republic of",2005,3261.4718461205302,IRN,Asia
"Iran, Islamic Republic of",2010,6949.40647707647,IRN,Asia
"Iran, Islamic Republic of",2015,5100.940322370052,IRN,Asia
"Iran, Islamic Republic of",2020,3748.2000193027598,IRN,Asia
Iraq,1990,1352.158543975439,IRQ,Asia
Iraq,1995,232.14357999464002,IRQ,Asia
Iraq,2000,959.9762508945438,IRQ,Asia
Iraq,2005,1740.6683300621335,IRQ,Asia
Iraq,2010,4430.426241895183,IRQ,Asia
Iraq,2015,4416.942922819169,IRQ,Asia
Iraq,2020,4251.337242871579,IRQ,Asia
Ireland,1990,14147.013914871843,IRL,Europe
Ireland,1995,19316.14004637272,IRL,Europe
Ireland,2000,26521.638447107307,IRL,Europe
Ireland,2005,51390.83312372549,IRL,Europe
Ireland,2010,48998.363376160065,IRL,Europe
Ireland,2015,62636.45650659444,IRL,Europe
Ireland,2020,86655.5551595583,IRL,Europe
Israel,1990,12241.88013737645,ISR,Asia
Israel,1995,19221.063988227317,ISR,Asia
Israel,2000,22270.623503861352,ISR,Asia
Israel,2005,21909.545439163594,ISR,Asia
Israel,2010,32600.736465948998,ISR,Asia
Israel,2015,37803.75658576895,ISR,Asia
Israel,2020,47014.69059966373,ISR,Asia
Italy,1990,20813.17059437496,ITA,Europe
Italy,1995,20650.366466506366,ITA,Europe
Italy,2000,20079.011739618734,ITA,Europe
Italy,2005,31915.499488684385,ITA,Europe
Italy,2010,35672.52500101811,ITA,Europe
Italy,2015,30480.00435708744,ITA,Europe
Italy,2020,31889.801199949867,ITA,Europe
Jamaica,1990,2206.086287105687,JAM,Latin America and the Caribbean
Jamaica,1995,2621.1819950221347,JAM,Latin America and the Caribbean
Jamaica,2000,3447.3057770826526,JAM,Latin America and the Caribbean
Jamaica,2005,4200.3864412969,JAM,Latin America and the Caribbean
Jamaica,2010,4835.789563871337,JAM,Latin America and the Caribbean
Jamaica,2015,5080.687974625592,JAM,Latin America and the Caribbean
Jamaica,2020,4897.265870289478,JAM,Latin America and the Caribbean
Japan,1990,25328.731807360018,JPN,Asia
Japan,1995,44211.029407680995,JPN,Asia
Japan,2000,39181.45010423347,JPN,Asia
Japan,2005,37805.3836724195,JPN,Asia
Japan,2010,44955.719082769516,JPN,Asia
Japan,2015,34930.43663549547,JPN,Asia
Japan,2020,40311.38352836518,JPN,Asia
Jordan,1990,1191.1090773622745,JOR,Asia
Jordan,1995,1557.1816400314049,JOR,Asia
Jordan,2000,1725.568582930752,JOR,Asia
Jordan,2005,2286.0845749793216,JOR,Asia
Jordan,2010,3914.701233898727,JOR,Asia
Jordan,2015,4064.253016370333,JOR,Asia
Jordan,2020,3987.683617336452,JOR,Asia
Kazakhstan,1990,1758.7594742076847,KAZ,Asia
Kazakhstan,1995,1250.6970517016143,KAZ,Asia
Kazakhstan,2000,1200.557027973807,KAZ,Asia
Kazakhstan,2005,3648.6182215493295,KAZ,Asia
Kazakhstan,2010,8903.584287038859,KAZ,Asia
Kazakhstan,2015,10338.043574277228,KAZ,Asia
Kazakhstan,2020,9014.182795558623,KAZ,Asia
Kenya,1990,598.9884326645002,KEN,Africa
Kenya,1995,547.2937630915949,KEN,Africa
Kenya,2000,513.6249677816219,KEN,Africa
Kenya,2005,657.2908998012808,KEN,Africa
Kenya,2010,1093.6396277573629,KEN,Africa
Kenya,2015,1496.6556329267723,KEN,Africa
Kenya,2020,1936.2507516604505,KEN,Africa
Kingdom of Eswatini,1990,1468.8366382142453,SWZ,Africa
Kingdom of Eswatini,1995,1994.2387529558027,SWZ,Africa
Kingdom of Eswatini,2000,1686.6574530666014,SWZ,Africa
Kingdom of Eswatini,2005,2964.972335794806,SWZ,Africa
Kingdom of Eswatini,2010,4035.5345003073967,SWZ,Africa
Kingdom of Eswatini,2015,3579.763941371228,SWZ,Africa
Kingdom of Eswatini,2020,3372.904637758512,SWZ,Africa
Kiribati,1990,470.64041701580817,KIR,Oceania
Kiribati,1995,853.9033062122317,KIR,Oceania
Kiribati,2000,840.9573564963217,KIR,Oceania
Kiribati,2005,1142.3378382145838,KIR,Oceania
Kiribati,2010,1438.0804657281196,KIR,Oceania
Kiribati,2015,1459.1433927408966,KIR,Oceania
Kiribati,2020,1404.7511601299313,KIR,Oceania
Kosovo,1990,2251.329156093866,XKX,Europe
Kosovo,1995,2476.774054700867,XKX,Europe
Kosovo,2000,929.9142470594621,XKX,Europe
Kosovo,2005,1969.854804617675,XKX,Europe
Kosovo,2010,2978.2736023291955,XKX,Europe
Kosovo,2015,3577.530681818535,XKX,Europe
Kosovo,2020,4629.499953646918,XKX,Europe
Kuwait,1990,11027.762622789558,KWT,Asia
Kuwait,1995,16042.599967382903,KWT,Asia
Kuwait,2000,19493.40908093959,KWT,Asia
Kuwait,2005,36144.68854406989,KWT,Asia
Kuwait,2010,39212.39819727141,KWT,Asia
Kuwait,2015,29314.940959718795,KWT,Asia
Kuwait,2020,24297.70114594342,KWT,Asia
Kyrgyzstan,1990,593.4282860559415,KGZ,Asia
Kyrgyzstan,1995,324.5747897943654,KGZ,Asia
Kyrgyzstan,2000,277.61417488340754,KGZ,Asia
Kyrgyzstan,2005,473.75174048795003,KGZ,Asia
Kyrgyzstan,2010,874.2814385140804,KGZ,Asia
Kyrgyzstan,2015,1129.0279059995967,KGZ,Asia
Kyrgyzstan,2020,1211.0546072450404,KGZ,Asia
Lao People's Democratic Republic,1990,209.01781301549545,LAO,Asia
Lao People's Democratic Republic,1995,375.9375109104217,LAO,Asia
Lao People's Democratic Republic,2000,332.5495083477722,LAO,Asia
Lao People's Democratic Republic,2005,503.39404909184407,LAO,Asia
Lao People's Democratic Republic,2010,1156.5660626299345,LAO,Asia
Lao People's Democratic Republic,2015,2120.164695013359,LAO,Asia
Lao People's Democratic Republic,2020,2611.6856070814374,LAO,Asia
Latvia,1990,3555.643566334789,LVA,Europe
Latvia,1995,2103.97039677236,LVA,Europe
Latvia,2000,3326.651431186329,LVA,Europe
Latvia,2005,7613.906583885009,LVA,Europe
Latvia,2010,11403.122194541183,LVA,Europe
Latvia,2015,13681.096524082148,LVA,Europe
Latvia,2020,18128.60709087595,LVA,Europe
Lebanon,1990,820.9354960790787,LBN,Asia
Lebanon,1995,2905.808974693092,LBN,Asia
Lebanon,2000,3860.1991498118705,LBN,Asia
Lebanon,2005,4630.009213556007,LBN,Asia
Lebanon,2010,7695.245414608371,LBN,Asia
Lebanon,2015,7802.751367738089,LBN,Asia
Lebanon,2020,6888.497847259208,LBN,Asia
Lesotho,1990,326.7891930279,LSO,Africa
Lesotho,1995,461.96483676343,LSO,Africa
Lesotho,2000,411.33117186455047,LSO,Africa
Lesotho,2005,737.5990076706514,LSO,Africa
Lesotho,2010,1104.5969654243286,LSO,Africa
Lesotho,2015,1113.8368440963889,LSO,Africa
Lesotho,2020,910.1562442812859,LSO,Africa
Liberia,1990,269.35616461913236,LBR,Africa
Liberia,1995,97.42441825186634,LBR,Africa
Liberia,2000,222.7614440195301,LBR,Africa
Liberia,2005,216.21671802929168,LBR,Africa
Liberia,2010,321.3965525990832,LBR,Africa
Liberia,2015,578.6664394495709,LBR,Africa
Liberia,2020,487.63602782774694,LBR,Africa
Libya,1990,7337.378584688807,LBY,Africa
Libya,1995,5977.618429560163,LBY,Africa
Libya,2000,7463.059900574869,LBY,Africa
Libya,2005,8368.075947230936,LBY,Africa
Libya,2010,11611.358595305446,LBY,Africa
Libya,2015,7867.515731024114,LBY,Africa
Libya,2020,7039.725252494277,LBY,Africa
Liechtenstein,1990,61041.55980494536,LIE,Europe
Liechtenstein,1995,87252.99460303025,LIE,Europe
Liechtenstein,2000,83182.28870500429,LIE,Europe
Liechtenstein,2005,116930.18489084458,LIE,Europe
Liechtenstein,2010,156462.0947888191,LIE,Europe
Liechtenstein,2015,167809.2126811104,LIE,Europe
Liechtenstein,2020,165287.24545130474,LIE,Europe
Lithuania,1990,2703.4045479696583,LTU,Europe
Lithuania,1995,1787.7664518701304,LTU,Europe
Lithuania,2000,3201.7048087904554,LTU,Europe
Lithuania,2005,7740.695423859842,LTU,Europe
Lithuania,2010,11831.232857457631,LTU,Europe
Lithuania,2015,13975.08674814623,LTU,Europe
Lithuania,2020,20198.421993153534,LTU,Europe
Luxembourg,1990,33516.30615550341,LUX,Europe
Luxembourg,1995,51156.95232712271,LUX,Europe
Luxembourg,2000,48613.62152825165,LUX,Europe
Luxembourg,2005,81007.82476077911,LUX,Europe
Luxembourg,2010,110752.34732547471,LUX,Europe
Luxembourg,2015,105455.89574481548,LUX,Europe
Luxembourg,2020,116909.07932946188,LUX,Europe
Madagascar,1990,303.735875637628,MDG,Africa
Madagascar,1995,264.49671822248956,MDG,Africa
Madagascar,2000,277.60211281801554,MDG,Africa
Madagascar,2005,311.2698182198229,MDG,Africa
Madagascar,2010,459.3754079984729,MDG,Africa
Madagascar,2015,455.6380345285245,MDG,Africa
Madagascar,2020,462.5685828844791,MDG,Africa
Malawi,1990,331.9110225073511,MWI,Africa
Malawi,1995,244.60616644878849,MWI,Africa
Malawi,2000,280.5475394787971,MWI,Africa
Malawi,2005,286.60949610486745,MWI,Africa
Malawi,2010,472.8535173014852,MWI,Africa
Malawi,2015,485.0341064536083,MWI,Africa
Malawi,2020,607.3838338874424,MWI,Africa
Malaysia,1990,2513.2413954774393,MYS,Asia
Malaysia,1995,4411.441647897952,MYS,Asia
Malaysia,2000,4087.562593493844,MYS,Asia
Malaysia,2005,5536.837970412456,MYS,Asia
Malaysia,2010,8880.146039642881,MYS,Asia
Malaysia,2015,9699.583367599611,MYS,Asia
Malaysia,2020,10160.82688159134,MYS,Asia
Maldives,1990,1247.7600922129438,MDV,Asia
Maldives,1995,2193.372226344192,MDV,Asia
Maldives,2000,3137.0216836816207,MDV,Asia
Maldives,2005,3789.2320134222587,MDV,Asia
Maldives,2010,7158.061421385604,MDV,Asia
Maldives,2015,9480.431377790781,MDV,Asia
Maldives,2020,7216.8165926112215,MDV,Asia
Mali,1990,305.39086178209925,MLI,Africa
Mali,1995,285.94689536391627,MLI,Africa
Mali,2000,262.8439473917463,MLI,Africa
Mali,2005,473.8065337980183,MLI,Africa
Mali,2010,687.65693453787,MLI,Africa
Mali,2015,722.9567971580979,MLI,Africa
Mali,2020,822.9061375237948,MLI,Africa
Malta,1990,7255.618454266354,MLT,Europe
Malta,1995,9743.188348918784,MLT,Europe
Malta,2000,10193.604874796041,MLT,Europe
Malta,2005,15615.3221988761,MLT,Europe
Malta,2010,21556.7866868651,MLT,Europe
Malta,2015,24282.780999160335,MLT,Europe
Malta,2020,29596.238730530542,MLT,Europe
Marshall Islands,1990,1720.2002736334614,MHL,Oceania
Marshall Islands,1995,2467.39558597294,MHL,Oceania
Marshall Islands,2000,2119.082767778106,MHL,Oceania
Marshall Islands,2005,2533.564716491525,MHL,Oceania
Marshall Islands,2010,3001.3200539164295,MHL,Oceania
Marshall Islands,2015,3703.6490386561427,MHL,Oceania
Marshall Islands,2020,5567.971598369152,MHL,Oceania
Mauritania,1990,1140.8662297893393,MRT,Africa
Mauritania,1995,996.0051521171949,MRT,Africa
Mauritania,2000,660.3038517242362,MRT,Africa
Mauritania,2005,974.9206482195943,MRT,Africa
Mauritania,2010,1646.1304472763675,MRT,Africa
Mauritania,2015,1562.7268525324512,MRT,Africa
Mauritania,2020,1868.4682482373119,MRT,Africa
Mauritius,1990,2508.582638782573,MUS,Africa
Mauritius,1995,3682.6711993284794,MUS,Africa
Mauritius,2000,4004.5524447037233,MUS,Africa
Mauritius,2005,5385.548483927325,MUS,Africa
Mauritius,2010,7795.0883173849725,MUS,Africa
Mauritius,2015,9285.282596606052,MUS,Africa
Mauritius,2020,8784.708756472057,MUS,Africa
Mexico,1990,3852.622313488463,MEX,Latin America and the Caribbean
Mexico,1995,4225.400444889246,MEX,Latin America and the Caribbean
Mexico,2000,7581.845374190003,MEX,Latin America and the Caribbean
Mexico,2005,8702.114748816435,MEX,Latin America and the Caribbean
Mexico,2010,9823.16381546328,MEX,Latin America and the Caribbean
Mexico,2015,10098.17339448781,MEX,Latin America and the Caribbean
Mexico,2020,8895.615078050529,MEX,Latin America and the Caribbean
Micronesia (Federated States of),1990,1601.3711550358507,FSM,Oceania
Micronesia (Federated States of),1995,2010.8569356826915,FSM,Oceania
Micronesia (Federated States of),2000,2087.4494534907662,FSM,Oceania
Micronesia (Federated States of),2005,2259.2752839372633,FSM,Oceania
Micronesia (Federated States of),2010,2760.011544038369,FSM,Oceania
Micronesia (Federated States of),2015,2891.3225320202446,FSM,Oceania
Micronesia (Federated States of),2020,3639.412698695877,FSM,Oceania
Monaco,1990,80086.88369107369,MCO,Europe
Monaco,1995,97328.16891988128,MCO,Europe
Monaco,2000,80306.58684639285,MCO,Europe
Monaco,2005,130766.80638410267,MCO,Europe
Monaco,2010,161623.65254075275,MCO,Europe
Monaco,2015,170270.15074333205,MCO,Europe
Monaco,2020,182537.30460069727,MCO,Europe
Mongolia,1990,809.2742062840853,MNG,Asia
Mongolia,1995,738.5200910193457,MNG,Asia
Mongolia,2000,537.8383978472821,MNG,Asia
Mongolia,2005,1143.2854967740698,MNG,Asia
Mongolia,2010,2660.2886119927307,MNG,Asia
Mongolia,2015,3919.354485367185,MNG,Asia
Mongolia,2020,4041.1741421536394,MNG,Asia
Montenegro,1990,3455.0823184231767,MNE,Europe
Montenegro,1995,1922.1086818528095,MNE,Europe
Montenegro,2000,1565.1721884283481,MNE,Europe
Montenegro,2005,3600.6428890031275,MNE,Europe
Montenegro,2010,6558.885947811618,MNE,Europe
Montenegro,2015,6393.241674258046,MNE,Europe
Montenegro,2020,7599.932517711795,MNE,Europe
Montserrat,1990,6979.75683411315,MSR,Latin America and the Caribbean
Montserrat,1995,8253.06654412744,MSR,Latin America and the Caribbean
Montserrat,2000,6995.083834320892,MSR,Latin America and the Caribbean
Montserrat,2005,10414.249749429804,MSR,Latin America and the Caribbean
Montserrat,2010,11241.618289005894,MSR,Latin America and the Caribbean
Montserrat,2015,12133.125416382976,MSR,Latin America and the Caribbean
Montserrat,2020,14855.14403292181,MSR,Latin America and the Caribbean
Morocco,1990,1233.9720320131887,MAR,Africa
Morocco,1995,1455.9807696905825,MAR,Africa
Morocco,2000,1362.3393925422893,MAR,Africa
Morocco,2005,2055.236048916801,MAR,Africa
Morocco,2010,2970.2159725707147,MAR,Africa
Morocco,2015,3183.747477643224,MAR,Africa
Morocco,2020,3307.6506605269074,MAR,Africa
Mozambique,1990,309.2818373682694,MOZ,Africa
Mozambique,1995,196.3244267269044,MOZ,Africa
Mozambique,2000,333.7740425348314,MOZ,Africa
Mozambique,2005,438.7934727350192,MOZ,Africa
Mozambique,2010,494.584024909495,MOZ,Africa
Mozambique,2015,603.8385115740911,MOZ,Africa
Mozambique,2020,456.5819289729429,MOZ,Africa
Myanmar,1990,138.09802454311003,MMR,Asia
Myanmar,1995,193.49737444472024,MMR,Asia
Myanmar,2000,159.76268016991307,MMR,Asia
Myanmar,2005,249.993941536706,MMR,Asia
Myanmar,2010,839.1191334920928,MMR,Asia
Myanmar,2015,1214.815337447357,MMR,Asia
Myanmar,2020,1496.910370367947,MMR,Asia
Namibia,1990,2037.9106035296156,NAM,Africa
Namibia,1995,2478.2537362239896,NAM,Africa
Namibia,2000,2156.0901388358197,NAM,Africa
Namibia,2005,3703.0821761982693,NAM,Africa
Namibia,2010,5452.134988725192,NAM,Africa
Namibia,2015,4965.672828869449,NAM,Africa
Namibia,2020,4252.041621431616,NAM,Africa
Nauru,1990,5130.306201157012,NRU,Oceania
Nauru,1995,3378.7613994271464,NRU,Oceania
Nauru,2000,2092.748046979989,NRU,Oceania
Nauru,2005,2548.2664737503273,NRU,Oceania
Nauru,2010,5788.224979072124,NRU,Oceania
Nauru,2015,9329.7410048413,NRU,Oceania
Nauru,2020,11015.094289027134,NRU,Oceania
Nepal,1990,192.70412515900713,NPL,Asia
Nepal,1995,203.28638635810228,NPL,Asia
Nepal,2000,233.32641605241727,NPL,Asia
Nepal,2005,331.47880917463766,NPL,Asia
Nepal,2010,676.1248762274432,NPL,Asia
Nepal,2015,857.1850526511114,NPL,Asia
Nepal,2020,1119.609198475165,NPL,Asia
Netherlands,1990,21300.590590707467,NLD,Europe
Netherlands,1995,29280.553322750453,NLD,Europe
Netherlands,2000,26192.77503708482,NLD,Europe
Netherlands,2005,42127.8274633024,NLD,Europe
Netherlands,2010,50944.75142295044,NLD,Europe
Netherlands,2015,44906.997519644625,NLD,Europe
Netherlands,2020,52183.342924140896,NLD,Europe
New Caledonia,1990,14269.34085102921,NCL,Oceania
New Caledonia,1995,18169.36655771665,NCL,Oceania
New Caledonia,2000,15399.415390359321,NCL,Oceania
New Caledonia,2005,25754.196983799164,NCL,Oceania
New Caledonia,2010,35785.355665751136,NCL,Oceania
New Caledonia,2015,30861.137935795952,NCL,Oceania
New Caledonia,2020,33011.628547997716,NCL,Oceania
New Zealand,1990,13375.033364094024,NZL,Oceania
New Zealand,1995,17189.420693779106,NZL,Oceania
New Zealand,2000,14121.93972427201,NZL,Oceania
New Zealand,2005,27759.098182584123,NZL,Oceania
New Zealand,2010,33710.57225214744,NZL,Oceania
New Zealand,2015,38789.01647455356,NZL,Oceania
New Zealand,2020,41967.119567072645,NZL,Oceania
Nicaragua,1990,840.8511964014074,NIC,Latin America and the Caribbean
Nicaragua,1995,872.1189930520363,NIC,Latin America and the Caribbean
Nicaragua,2000,994.0138663385075,NIC,Latin America and the Caribbean
Nicaragua,2005,1155.018039665054,NIC,Latin America and the Caribbean
Nicaragua,2010,1495.7309126967955,NIC,Latin America and the Caribbean
Nicaragua,2015,2025.3231416932658,NIC,Latin America and the Caribbean
Nicaragua,2020,1876.6087660258086,NIC,Latin America and the Caribbean
Niger,1990,428.9460919646911,NER,Africa
Niger,1995,247.76521224193286,NER,Africa
Niger,2000,202.26202874722182,NER,Africa
Niger,2005,330.98000527171996,NER,Africa
Niger,2010,458.412528171132,NER,Africa
Niger,2015,480.74728929681726,NER,Africa
Niger,2020,564.8219973309591,NER,Africa
Nigeria,1990,646.2894605442378,NGA,Africa
Nigeria,1995,466.8154053510273,NGA,Africa
Nigeria,2000,565.3041319168699,NGA,Africa
Nigeria,2005,1253.7058669708065,NGA,Africa
Nigeria,2010,2257.554426595755,NGA,Africa
Nigeria,2015,2688.0105103982437,NGA,Africa
Nigeria,2020,2063.5685306931364,NGA,Africa
Norway,1990,28241.67041658364,NOR,Europe
Norway,1995,34874.7508456033,NOR,Europe
Norway,2000,38176.05849880677,NOR,Europe
Norway,2005,67041.39913906153,NOR,Europe
Norway,2010,88154.39180529975,NOR,Europe
Norway,2015,74784.75700809935,NOR,Europe
Norway,2020,68335.39421656061,NOR,Europe
Oman,1990,6403.922189333827,OMN,Asia
Oman,1995,6635.217124652561,OMN,Asia
Oman,2000,9495.347793120034,OMN,Asia
Oman,2005,14116.96019413364,OMN,Asia
Oman,2010,22552.216489364193,OMN,Asia
Oman,2015,18777.453892328715,OMN,Asia
Oman,2020,16707.622996017682,OMN,Asia
Pakistan,1990,447.6592351640052,PAK,Asia
Pakistan,1995,580.435372447245,PAK,Asia
Pakistan,2000,497.93336939784484,PAK,Asia
Pakistan,2005,675.0415112383187,PAK,Asia
Pakistan,2010,940.8873047942847,PAK,Asia
Pakistan,2015,1407.8792877840208,PAK,Asia
Pakistan,2020,1292.9419365975652,PAK,Asia
Palau,1990,5154.553651997646,PLW,Oceania
Palau,1995,6414.703817769771,PLW,Oceania
Palau,2000,7494.322214336409,PLW,Oceania
Palau,2005,9315.604356815087,PLW,Oceania
Palau,2010,9883.08052858684,PLW,Oceania
Palau,2015,15760.245756996741,PLW,Oceania
Palau,2020,14013.777487202315,PLW,Oceania
Panama,1990,2520.2356091997935,PAN,Latin America and the Caribbean
Panama,1995,3382.729071116434,PAN,Latin America and the Caribbean
Panama,2000,3933.730809656162,PAN,Latin America and the Caribbean
Panama,2005,4753.394356338486,PAN,Latin America and the Caribbean
Panama,2010,8204.207054443115,PAN,Latin America and the Caribbean
Panama,2015,14029.837338666533,PAN,Latin America and the Caribbean
Panama,2020,13293.333204948962,PAN,Latin America and the Caribbean
Papua New Guinea,1990,1284.9072024866996,PNG,Oceania
Papua New Guinea,1995,1584.8138628170282,PNG,Oceania
Papua New Guinea,2000,960.227151369293,PNG,Oceania
Papua New Guinea,2005,1131.763394768092,PNG,Oceania
Papua New Guinea,2010,1879.240442582041,PNG,Oceania
Papua New Guinea,2015,2502.0616158554603,PNG,Oceania
Papua New Guinea,2020,2446.0846950197156,PNG,Oceania
Paraguay,1990,1483.6287247191594,PRY,Latin America and the Caribbean
Paraguay,1995,2267.6866799642166,PRY,Latin America and the Caribbean
Paraguay,2000,1792.4774980522238,PRY,Latin America and the Caribbean
Paraguay,2005,2064.355495545129,PRY,Latin America and the Caribbean
Paraguay,2010,4725.726374281985,PRY,Latin America and the Caribbean
Paraguay,2015,5861.401895467382,PRY,Latin America and the Caribbean
Paraguay,2020,5353.348049243037,PRY,Latin America and the Caribbean
Peru,1990,1317.053841507793,PER,Latin America and the Caribbean
Peru,1995,2182.953649789488,PER,Latin America and the Caribbean
Peru,2000,1941.262634551967,PER,Latin America and the Caribbean
Peru,2005,2702.941442295531,PER,Latin America and the Caribbean
Peru,2010,5047.204643322495,PER,Latin America and the Caribbean
Peru,2015,6180.118799373945,PER,Latin America and the Caribbean
Peru,2020,6063.626579801671,PER,Latin America and the Caribbean
Philippines,1990,820.4871803100558,PHL,Asia
Philippines,1995,1222.2925312981174,PHL,Asia
Philippines,2000,1073.2644361933176,PHL,Asia
Philippines,2005,1245.286591228443,PHL,Asia
Philippines,2010,2201.776819338631,PHL,Asia
Philippines,2015,2974.2969204688247,PHL,Asia
Philippines,2020,3224.422811048932,PHL,Asia
Poland,1990,1735.2214453940414,POL,Europe
Poland,1995,3705.375839472414,POL,Europe
Poland,2000,4472.743715832529,POL,Europe
Poland,2005,7936.1939964156845,POL,Europe
Poland,2010,12324.591635483272,POL,Europe
Poland,2015,12375.417766664923,POL,Europe
Poland,2020,15598.96623247491,POL,Europe
Portugal,1990,7866.049323331267,PRT,Europe
Portugal,1995,11751.799629637017,PRT,Europe
Portugal,2000,11485.769845669516,PRT,Europe
Portugal,2005,18737.00697482217,PRT,Europe
Portugal,2010,22466.17863430485,PRT,Europe
Portugal,2015,19228.705242711523,PRT,Europe
Portugal,2020,22240.006840111088,PRT,Europe
Puerto Rico,1990,8757.368131055688,PRI,Latin America and the Caribbean
Puerto Rico,1995,11672.615022293166,PRI,Latin America and the Caribbean
Puerto Rico,2000,16348.962551618612,PRI,Latin America and the Caribbean
Puerto Rico,2005,22050.511197172345,PRI,Latin America and the Caribbean
Puerto Rico,2010,26461.3673982402,PRI,Latin America and the Caribbean
Puerto Rico,2015,29558.363725522435,PRI,Latin America and the Caribbean
Puerto Rico,2020,31523.42427047125,PRI,Latin America and the Caribbean
Qatar,1990,16664.831743792518,QAT,Asia
Qatar,1995,15797.691252379653,QAT,Asia
Qatar,2000,27494.77133201862,QAT,Asia
Qatar,2005,52468.45148992116,QAT,Asia
Qatar,2010,73021.34653321786,QAT,Asia
Qatar,2015,66984.91020058091,QAT,Asia
Qatar,2020,52315.66007833315,QAT,Asia
Republic of Korea,1990,6422.611219964669,KOR,Asia
Republic of Korea,1995,12481.566791057268,KOR,Asia
Republic of Korea,2000,12314.527441521226,KOR,Asia
Republic of Korea,2005,19522.017909044447,KOR,Asia
Republic of Korea,2010,23437.731607055914,KOR,Asia
Republic of Korea,2015,28743.807492652963,KOR,Asia
Republic of Korea,2020,31716.12725367093,KOR,Asia
Republic of Moldova,1990,1063.6857557338483,MDA,Europe
Republic of Moldova,1995,475.32823192245695,MDA,Europe
Republic of Moldova,2000,363.6873414369281,MDA,Europe
Republic of Moldova,2005,896.3231892131927,MDA,Europe
Republic of Moldova,2010,1896.310407525237,MDA,Europe
Republic of Moldova,2015,2379.2322234946278,MDA,Europe
Republic of Moldova,2020,3737.8664465331576,MDA,Europe
Republic of North Macedonia,1990,1424.4161060883328,MKD,Europe
Republic of North Macedonia,1995,2372.537807320143,MKD,Europe
Republic of North Macedonia,2000,1851.3150028695165,MKD,Europe
Republic of North Macedonia,2005,3010.8847533412145,MKD,Europe
Republic of North Macedonia,2010,4492.804619475663,MKD,Europe
Republic of North Macedonia,2015,4774.522993530364,MKD,Europe
Republic of North Macedonia,2020,5855.338045047862,MKD,Europe
Romania,1990,1766.7997413500636,ROU,Europe
Romania,1995,1661.1199669754553,ROU,Europe
Romania,2000,1699.5414609583986,ROU,Europe
Romania,2005,4667.797103690127,ROU,Europe
Romania,2010,8361.322860564558,ROU,Europe
Romania,2015,8936.16455907602,ROU,Europe
Romania,2020,12928.81004957915,ROU,Europe
Russian Federation,1990,3878.645581977475,RUS,Europe
Russian Federation,1995,2708.010156716247,RUS,Europe
Russian Federation,2000,1781.2484796084925,RUS,Europe
Russian Federation,2005,5365.056748360417,RUS,Europe
Russian Federation,2010,10749.910242002896,RUS,Europe
Russian Federation,2015,9424.879817809895,RUS,Europe
Russian Federation,2020,10253.421743917661,RUS,Europe
Rwanda,1990,332.6563804064727,RWA,Africa
Rwanda,1995,216.30775488797758,RWA,Africa
Rwanda,2000,255.0284240317526,RWA,Africa
Rwanda,2005,324.92074952603855,RWA,Africa
Rwanda,2010,593.6939759068878,RWA,Africa
Rwanda,2015,732.2840481472524,RWA,Africa
Rwanda,2020,774.7159119826688,RWA,Africa
Saint Kitts and Nevis,1990,5346.472567655755,KNA,Latin America and the Caribbean
Saint Kitts and Nevis,1995,7367.454410932672,KNA,Latin America and the Caribbean
Saint Kitts and Nevis,2000,9622.737275010652,KNA,Latin America and the Caribbean
Saint Kitts and Nevis,2005,12283.851534787862,KNA,Latin America and the Caribbean
Saint Kitts and Nevis,2010,16427.621005390345,KNA,Latin America and the Caribbean
Saint Kitts and Nevis,2015,20025.884851162104,KNA,Latin America and the Caribbean
Saint Kitts and Nevis,2020,18566.017846064864,KNA,Latin America and the Caribbean
Saint Lucia,1990,3910.7883523891837,LCA,Latin America and the Caribbean
Saint Lucia,1995,4851.08612931991,LCA,Latin America and the Caribbean
Saint Lucia,2000,5869.593651457099,LCA,Latin America and the Caribbean
Saint Lucia,2005,6770.03796953569,LCA,Latin America and the Caribbean
Saint Lucia,2010,8674.079057558158,LCA,Latin America and the Caribbean
Saint Lucia,2015,10291.194037058758,LCA,Latin America and the Caribbean
Saint Lucia,2020,7926.810746541048,LCA,Latin America and the Caribbean
Saint Vincent and the Grenadines,1990,2082.5064295495545,VCT,Latin America and the Caribbean
Saint Vincent and the Grenadines,1995,2841.575318114197,VCT,Latin America and the Caribbean
Saint Vincent and the Grenadines,2000,3760.0664637997806,VCT,Latin America and the Caribbean
Saint Vincent and the Grenadines,2005,5176.121204788769,VCT,Latin America and the Caribbean
Saint Vincent and the Grenadines,2010,6590.9919507094455,VCT,Latin America and the Caribbean
Saint Vincent and the Grenadines,2015,7386.746638451151,VCT,Latin America and the Caribbean
Saint Vincent and the Grenadines,2020,8306.367572557649,VCT,Latin America and the Caribbean
Samoa,1990,685.2821372261207,WSM,Oceania
Samoa,1995,1152.1233333920793,WSM,Oceania
Samoa,2000,1291.3647928408432,WSM,Oceania
Samoa,2005,2368.243924158455,WSM,Oceania
Samoa,2010,3589.294132585839,WSM,Oceania
Samoa,2015,4055.413498336741,WSM,Oceania
Samoa,2020,3857.7799345305166,WSM,Oceania
San Marino,1990,35945.08090596311,SMR,Europe
San Marino,1995,40976.447563156085,SMR,Europe
San Marino,2000,42529.77925593879,SMR,Europe
San Marino,2005,68707.76651458221,SMR,Europe
San Marino,2010,67683.58719995074,SMR,Europe
San Marino,2015,42264.81061017315,SMR,Europe
San Marino,2020,45423.4066965599,SMR,Europe
Sao Tome and Principe,1990,942.7518231024168,STP,Africa
Sao Tome and Principe,1995,741.0388110049875,STP,Africa
Sao Tome and Principe,2000,504.2336416766344,STP,Africa
Sao Tome and Principe,2005,780.5156013803173,STP,Africa
Sao Tome and Principe,2010,1084.0902239125846,STP,Africa
Sao Tome and Principe,2015,1582.393807589251,STP,Africa
Sao Tome and Principe,2020,2179.1986303165895,STP,Africa
Saudi Arabia,1990,7339.903830878346,SAU,Asia
Saudi Arabia,1995,7578.642885690048,SAU,Asia
Saudi Arabia,2000,8795.260596418715,SAU,Asia
Saudi Arabia,2005,13462.822930004459,SAU,Asia
Saudi Arabia,2010,17958.94783133288,SAU,Asia
Saudi Arabia,2015,20442.366063158523,SAU,Asia
Saudi Arabia,2020,20398.060987371384,SAU,Asia
Senegal,1990,1065.3342686352682,SEN,Africa
Senegal,1995,730.4227851309324,SEN,Africa
Senegal,2000,618.1031514849124,SEN,Africa
Senegal,2005,1002.7882145334888,SEN,Africa
Senegal,2010,1285.3501362112786,SEN,Africa
Senegal,2015,1237.1955121649305,SEN,Africa
Senegal,2020,1492.475904203337,SEN,Africa
Serbia,1990,4072.5053966314663,SRB,Europe
Serbia,1995,2163.863659542708,SRB,Europe
Serbia,2000,1243.399405271992,SRB,Europe
Serbia,2005,3535.106715444172,SRB,Europe
Serbia,2010,5463.917961669594,SRB,Europe
Serbia,2015,5273.75102814597,SRB,Europe
Serbia,2020,7251.487930598299,SRB,Europe
Seychelles,1990,6267.664869708191,SYC,Africa
Seychelles,1995,8215.681301071854,SYC,Africa
Seychelles,2000,9328.615210154587,SYC,Africa
Seychelles,2005,10701.80255802556,SYC,Africa
Seychelles,2010,10669.388665898858,SYC,Africa
Seychelles,2015,14433.797378897323,SYC,Africa
Seychelles,2020,13067.815629112905,SYC,Africa
Sierra Leone,1990,203.28714076282645,SLE,Africa
Sierra Leone,1995,272.5534681446284,SLE,Africa
Sierra Leone,2000,187.7482443859356,SLE,Africa
Sierra Leone,2005,290.4095319934691,SLE,Africa
Sierra Leone,2010,400.52008609164875,SLE,Africa
Sierra Leone,2015,580.7572796858484,SLE,Africa
Sierra Leone,2020,493.43225243184696,SLE,Africa
Singapore,1990,12868.596513568997,SGP,Asia
Singapore,1995,24778.678928695088,SGP,Asia
Singapore,2000,23701.518143385103,SGP,Asia
Singapore,2005,29417.373726221413,SGP,Asia
Singapore,2010,46442.077822946485,SGP,Asia
Singapore,2015,54512.83031892426,SGP,Asia
Singapore,2020,58950.88874372338,SGP,Asia
Sint Maarten (Dutch part),2005,22479.037809099398,SXM,Latin America and the Caribbean
Sint Maarten (Dutch part),2010,27138.46517706659,SXM,Latin America and the Caribbean
Sint Maarten (Dutch part),2015,34000.3293178327,SXM,Latin America and the Caribbean
Sint Maarten (Dutch part),2020,28433.078783359815,SXM,Latin America and the Caribbean
Slovakia,1990,3202.060670311702,SVK,Europe
Slovakia,1995,3746.206778369971,SVK,Europe
Slovakia,2000,3853.5615616781342,SVK,Europe
Slovakia,2005,9120.390699647449,SVK,Europe
Slovakia,2010,16876.727540505126,SVK,Europe
Slovakia,2015,16382.349589891952,SVK,Europe
Slovakia,2020,19559.780543428507,SVK,Europe
Slovenia,1990,9155.856037715941,SVN,Europe
Slovenia,1995,10724.477316532802,SVN,Europe
Slovenia,2000,10225.678886667158,SVN,Europe
Slovenia,2005,18059.026865436495,SVN,Europe
Slovenia,2010,23410.07861579197,SVN,Europe
Slovenia,2015,20707.84770671545,SVN,Europe
Slovenia,2020,25374.710281029194,SVN,Europe
Solomon Islands,1990,642.0185682896409,SLB,Oceania
Solomon Islands,1995,1003.698900427252,SLB,Oceania
Solomon Islands,2000,953.8742825229053,SLB,Oceania
Solomon Islands,2005,1145.9013515875852,SLB,Oceania
Solomon Islands,2010,1661.9883046165046,SLB,Oceania
Solomon Islands,2015,2134.803680715053,SLB,Oceania
Solomon Islands,2020,2222.458689939725,SLB,Oceania
Somalia,1990,159.71977716985933,SOM,Africa
Somalia,1995,212.83747513247675,SOM,Africa
Somalia,2000,391.31011248753885,SOM,Africa
Somalia,2005,447.4171976952893,SOM,Africa
Somalia,2010,223.48760687362488,SOM,Africa
Somalia,2015,481.5207236390011,SOM,Africa
Somalia,2020,556.5695770022838,SOM,Africa
South Africa,1990,2926.4406368894265,ZAF,Africa
South Africa,1995,3904.324238264352,ZAF,Africa
South Africa,2000,3241.6612401947414,ZAF,Africa
South Africa,2005,5893.186767007748,ZAF,Africa
South Africa,2010,8059.562841113784,ZAF,Africa
South Africa,2015,6200.927055034655,ZAF,Africa
South Africa,2020,5753.0663578979775,ZAF,Africa
South Sudan,2010,1536.374978438322,SSD,Africa
South Sudan,2015,556.6101936744794,SSD,Africa
South Sudan,2020,396.62959971578243,SSD,Africa
Spain,1990,13796.073900434361,ESP,Europe
Spain,1995,15436.868183521106,ESP,Europe
Spain,2000,14650.294621859975,ESP,Europe
Spain,2005,26399.155391702978,ESP,Europe
Spain,2010,30505.421366437065,ESP,Europe
Spain,2015,25751.48531124479,ESP,Europe
Spain,2020,26985.349126929133,ESP,Europe
Sri Lanka,1990,545.774220345804,LKA,Asia
Sri Lanka,1995,841.3138136264987,LKA,Asia
Sri Lanka,2000,1018.9294011245261,LKA,Asia
Sri Lanka,2005,1419.7500347705918,LKA,Asia
Sri Lanka,2010,2836.9740978476543,LKA,Asia
Sri Lanka,2015,3990.3529960575183,LKA,Asia
Sri Lanka,2020,3888.566820264422,LKA,Asia
State of Palestine,1990,911.1529994460158,PSE,Asia
State of Palestine,1995,1251.4753288420309,PSE,Asia
State of Palestine,2000,1373.778087194908,PSE,Asia
State of Palestine,2005,1447.4500542613746,PSE,Asia
State of Palestine,2010,2425.0565717116892,PSE,Asia
State of Palestine,2015,3115.6304645171244,PSE,Asia
State of Palestine,2020,3094.3333676667794,PSE,Asia
Sudan,2010,1622.3966006439705,SDN,Africa
Sudan,2015,2198.871847994858,SDN,Africa
Sudan,2020,771.6205514371949,SDN,Africa
Suriname,1990,1821.3752591725997,SUR,Latin America and the Caribbean
Suriname,1995,1943.0211558748892,SUR,Latin America and the Caribbean
Suriname,2000,2414.7521709921884,SUR,Latin America and the Caribbean
Suriname,2005,4248.284057842061,SUR,Latin America and the Caribbean
Suriname,2010,8207.27007344321,SUR,Latin America and the Caribbean
Suriname,2015,8907.838127358196,SUR,Latin America and the Caribbean
Suriname,2020,6851.185420347507,SUR,Latin America and the Caribbean
Sweden,1990,30631.04827930125,SWE,Europe
Sweden,1995,30519.74470390164,SWE,Europe
Sweden,2000,29628.329765347502,SWE,Europe
Sweden,2005,43330.76158334732,SWE,Europe
Sweden,2010,52848.740231497875,SWE,Europe
Sweden,2015,51282.96107181875,SWE,Europe
Sweden,2020,52758.781922858085,SWE,Europe
Switzerland,1990,39598.28695385811,CHE,Europe
Switzerland,1995,50132.15649614718,CHE,Europe
Switzerland,2000,38875.89998253552,CHE,Europe
Switzerland,2005,56309.66739485161,CHE,Europe
Switzerland,2010,76555.57750324295,CHE,Europe
Switzerland,2015,83813.16690513866,CHE,Europe
Switzerland,2020,85893.3495464639,CHE,Europe
Syrian Arab Republic,1990,899.2551502486643,SYR,Asia
Syrian Arab Republic,1995,945.8856931458895,SYR,Asia
Syrian Arab Republic,2000,1205.9194652587275,SYR,Asia
Syrian Arab Republic,2005,1528.0731346445314,SYR,Asia
Syrian Arab Republic,2010,2748.3226938367343,SYR,Asia
Syrian Arab Republic,2015,1050.8488877626614,SYR,Asia
Syrian Arab Republic,2020,835.506526703237,SYR,Asia
Tajikistan,1990,524.0002449379225,TJK,Asia
Tajikistan,1995,205.90680877131652,TJK,Asia
Tajikistan,2000,137.2049430804881,TJK,Asia
Tajikistan,2005,333.7093077711885,TJK,Asia
Tajikistan,2010,740.2701988335667,TJK,Asia
Tajikistan,2015,970.3625996706943,TJK,Asia
Tajikistan,2020,852.3302295897907,TJK,Asia
Thailand,1990,1601.718385819067,THA,Asia
Thailand,1995,2848.6224901096994,THA,Asia
Thailand,2000,2004.1070422559649,THA,Asia
Thailand,2005,2876.2465135071943,THA,Asia
Thailand,2010,4996.372097600906,THA,Asia
Thailand,2015,5708.792900475734,THA,Asia
Thailand,2020,7001.787200877773,THA,Asia
Timor-Leste,1990,267.7579718403495,TLS,Asia
Timor-Leste,1995,507.9306394084172,TLS,Asia
Timor-Leste,2000,417.9217131927683,TLS,Asia
Timor-Leste,2005,476.89635236502556,TLS,Asia
Timor-Leste,2010,810.14160494485,TLS,Asia
Timor-Leste,2015,1322.92911338657,TLS,Asia
Timor-Leste,2020,1663.5596606140793,TLS,Asia
Togo,1990,530.729074165384,TGO,Africa
Togo,1995,388.5679450245215,TGO,Africa
Togo,2000,297.15962965933585,TGO,Africa
Togo,2005,447.96642832183494,TGO,Africa
Togo,2010,721.52542391272,TGO,Africa
Togo,2015,769.5606839771805,TGO,Africa
Togo,2020,871.0069339068929,TGO,Africa
Tonga,1990,1641.673313813374,TON,Oceania
Tonga,1995,2089.1273199085194,TON,Oceania
Tonga,2000,1860.9619123941916,TON,Oceania
Tonga,2005,2472.3282947852936,TON,Oceania
Tonga,2010,3457.2715831004557,TON,Oceania
Tonga,2015,3799.862960365079,TON,Oceania
Tonga,2020,4626.1780579893375,TON,Oceania
Trinidad and Tobago,1990,4223.845516233809,TTO,Latin America and the Caribbean
Trinidad and Tobago,1995,4301.265541899921,TTO,Latin America and the Caribbean
Trinidad and Tobago,2000,6461.061372344255,TTO,Latin America and the Caribbean
Trinidad and Tobago,2005,12362.659890662348,TTO,Latin America and the Caribbean
Trinidad and Tobago,2010,16666.51033891819,TTO,Latin America and the Caribbean
Trinidad and Tobago,2015,18509.230018931506,TTO,Latin America and the Caribbean
Trinidad and Tobago,2020,13705.99628414184,TTO,Latin America and the Caribbean
Tunisia,1990,1601.8335459984514,TUN,Africa
Tunisia,1995,2129.875009496791,TUN,Africa
Tunisia,2000,2170.5081429401703,TUN,Africa
Tunisia,2005,3106.5758318664375,TUN,Africa
Tunisia,2010,4043.200958109437,TUN,Africa
Tunisia,2015,3960.924128116005,TUN,Africa
Tunisia,2020,3497.7342105709145,TUN,Africa
Turkmenistan,1990,825.3599761761853,TKM,Asia
Turkmenistan,1995,518.1500744840915,TKM,Asia
Turkmenistan,2000,1079.484613775153,TKM,Asia
Turkmenistan,2005,2901.0538982121675,TKM,Asia
Turkmenistan,2010,4286.880505154138,TKM,Asia
Turkmenistan,2015,6251.978413465085,TKM,Asia
Turkmenistan,2020,7382.081027967274,TKM,Asia
Turks and Caicos Islands,1990,9045.240925783586,TCA,Latin America and the Caribbean
Turks and Caicos Islands,1995,12615.286471094629,TCA,Latin America and the Caribbean
Turks and Caicos Islands,2000,17042.431391378574,TCA,Latin America and the Caribbean
Turks and Caicos Islands,2005,24115.263929985413,TCA,Latin America and the Caribbean
Turks and Caicos Islands,2010,23103.94314741304,TCA,Latin America and the Caribbean
Turks and Caicos Islands,2015,25783.29410476764,TCA,Latin America and the Caribbean
Turks and Caicos Islands,2020,20882.261270214112,TCA,Latin America and the Caribbean
Tuvalu,1990,1038.880457032948,TUV,Oceania
Tuvalu,1995,1227.178285708208,TUV,Oceania
Tuvalu,2000,1435.3710350462281,TUV,Oceania
Tuvalu,2005,2187.18199467609,TUV,Oceania
Tuvalu,2010,2975.895631411844,TUV,Oceania
Tuvalu,2015,3327.554607276956,TUV,Oceania
Tuvalu,2020,4675.395969392798,TUV,Oceania
Türkiye,1990,3820.96193786322,TUR,Asia
Türkiye,1995,3933.077490892825,TUR,Asia
Türkiye,2000,4278.266534263873,TUR,Asia
Türkiye,2005,7369.43129178444,TUR,Asia
Türkiye,2010,10614.98456808314,TUR,Asia
Türkiye,2015,10851.920105595636,TUR,Asia
Türkiye,2020,8561.654284432467,TUR,Asia
Uganda,1990,245.52201774574834,UGA,Africa
Uganda,1995,345.6546400066901,UGA,Africa
Uganda,2000,282.2046960156834,UGA,Africa
Uganda,2005,399.26637592365506,UGA,Africa
Uganda,2010,949.2661220312295,UGA,Africa
Uganda,2015,781.7208768706018,UGA,Africa
Uganda,2020,857.1360264130907,UGA,Africa
Ukraine,1990,1811.7956635853325,UKR,Europe
Ukraine,1995,986.5773831484654,UKR,Europe
Ukraine,2000,662.3413302939391,UKR,Europe
Ukraine,2005,1902.2362029852156,UKR,Europe
Ukraine,2010,2977.3093005183377,UKR,Europe
Ukraine,2015,2023.6945310946599,UKR,Europe
Ukraine,2020,3566.816467842271,UKR,Europe
United Arab Emirates,1990,27031.513531002307,ARE,Asia
United Arab Emirates,1995,27363.637526416303,ARE,Asia
United Arab Emirates,2000,32271.827681779705,ARE,Asia
United Arab Emirates,2005,42741.884493246354,ARE,Asia
United Arab Emirates,2010,35392.260966969945,ARE,Asia
United Arab Emirates,2015,41525.13890313719,ARE,Asia
United Arab Emirates,2020,37629.17416879823,ARE,Asia
United Kingdom of Great Britain and Northern Ireland,1990,19108.639475779764,GBR,Europe
United Kingdom of Great Britain and Northern Ireland,1995,23205.581891318332,GBR,Europe
United Kingdom of Great Britain and Northern Ireland,2000,28300.016317545156,GBR,Europe
United Kingdom of Great Britain and Northern Ireland,2005,42117.094179862346,GBR,Europe
United Kingdom of Great Britain and Northern Ireland,2010,39602.94856070293,GBR,Europe
United Kingdom of Great Britain and Northern Ireland,2015,44889.83811197808,GBR,Europe
United Kingdom of Great Britain and Northern Ireland,2020,40230.05895175767,GBR,Europe
United Republic of Tanzania,1990,456.4239843282729,TZA,Africa
United Republic of Tanzania,1995,477.11401927733306,TZA,Africa
United Republic of Tanzania,2000,693.8087958954537,TZA,Africa
United Republic of Tanzania,2005,855.42833420022,TZA,Africa
United Republic of Tanzania,2010,1376.5200859942806,TZA,Africa
United Republic of Tanzania,2015,1747.6453847702178,TZA,Africa
United Republic of Tanzania,2020,2156.4368254235897,TZA,Africa
United States,1990,24036.819955610794,USA,Northern America
United States,1995,28757.55857410763,USA,Northern America
United States,2000,36299.590967452335,USA,Northern America
United States,2005,43926.289303353864,USA,Northern America
United States,2010,48360.53864087527,USA,Northern America
United States,2015,56360.325761265805,USA,Northern America
United States,2020,63472.265479110094,USA,Northern America
Uruguay,1990,2964.191000830248,URY,Latin America and the Caribbean
Uruguay,1995,6642.824756146281,URY,Latin America and the Caribbean
Uruguay,2000,6932.471649839925,URY,Latin America and the Caribbean
Uruguay,2005,5233.451652915231,URY,Latin America and the Caribbean
Uruguay,2010,12015.732220634554,URY,Latin America and the Caribbean
Uruguay,2015,16774.55541103884,URY,Latin America and the Caribbean
Uruguay,2020,15650.499427512676,URY,Latin America and the Caribbean
Uzbekistan,1990,858.6326477308116,UZB,Asia
Uzbekistan,1995,702.5543166642248,UZB,Asia
Uzbekistan,2000,662.7887137056989,UZB,Asia
Uzbekistan,2005,642.9360118459826,UZB,Asia
Uzbekistan,2010,1747.7320245961803,UZB,Asia
Uzbekistan,2015,2785.069093286711,UZB,Asia
Uzbekistan,2020,1796.322983360669,UZB,Asia
Vanuatu,1990,1136.5433713503312,VUT,Oceania
Vanuatu,1995,1597.9727728463288,VUT,Oceania
Vanuatu,2000,1379.5475350101146,VUT,Oceania
Vanuatu,2005,1814.8178201011378,VUT,Oceania
Vanuatu,2010,2855.1455682518445,VUT,Oceania
Vanuatu,2015,2748.136167070772,VUT,Oceania
Vanuatu,2020,2917.7568490893273,VUT,Oceania
Venezuela (Bolivarian Republic of),1990,2381.9355555187676,VEN,Latin America and the Caribbean
Venezuela (Bolivarian Republic of),1995,3387.6547492237664,VEN,Latin America and the Caribbean
Venezuela (Bolivarian Republic of),2000,4795.653290840747,VEN,Latin America and the Caribbean
Venezuela (Bolivarian Republic of),2005,5456.325744843945,VEN,Latin America and the Caribbean
Venezuela (Bolivarian Republic of),2010,13714.273755236909,VEN,Latin America and the Caribbean
Venezuela (Bolivarian Republic of),2015,11256.63404602796,VEN,Latin America and the Caribbean
Venezuela (Bolivarian Republic of),2020,3716.9002089130126,VEN,Latin America and the Caribbean
Viet Nam,1990,96.71935686751104,VNM,Asia
Viet Nam,1995,281.1348728572392,VNM,Asia
Viet Nam,2000,394.5845235440743,VNM,Asia
Viet Nam,2005,693.1898425149187,VNM,Asia
Viet Nam,2010,1684.0117730825957,VNM,Asia
Viet Nam,2015,2595.234843654666,VNM,Asia
Viet Nam,2020,3586.347175792472,VNM,Asia
World,1990,4335.912945080578,WLD,World
World,1995,5449.943835207751,WLD,World
World,2000,5497.06838612828,WLD,World
World,2005,7293.113762983007,WLD,World
World,2010,9541.243907592161,WLD,World
World,2015,10160.821886379676,WLD,World
World,2020,10905.09588780397,WLD,World
Yemen,1990,301.2064902593837,YEM,Asia
Yemen,1995,368.53319569102104,YEM,Asia
Yemen,2000,583.2163723317674,YEM,Asia
Yemen,2005,893.0846023543727,YEM,Asia
Yemen,2010,1249.0631776441708,YEM,Asia
Yemen,2015,870.333596360088,YEM,Asia
Yemen,2020,291.6790742882007,YEM,Asia
Zambia,1990,493.70445580168,ZMB,Africa
Zambia,1995,438.38540859732154,ZMB,Africa
Zambia,2000,364.02596987009764,ZMB,Africa
Zambia,2005,720.4459695516199,ZMB,Africa
Zambia,2010,1469.349922466278,ZMB,Africa
Zambia,2015,1283.9822575035332,ZMB,Africa
Zambia,2020,954.3561275097916,ZMB,Africa
Zimbabwe,1990,1340.743010233547,ZWE,Africa
Zimbabwe,1995,1006.2981888097379,ZWE,Africa
Zimbabwe,2000,736.8613496474259,ZWE,Africa
Zimbabwe,2005,588.0766631440324,ZWE,Africa
Zimbabwe,2010,937.8403381960628,ZWE,Africa
Zimbabwe,2015,1410.329174548781,ZWE,Africa
Zimbabwe,2020,1382.5914262626911,ZWE,Africa
